MSE,MSE_std,SNR,SNR_std,SNR_median,SNR_P25,SNR_P75,Correlation,Correlation_std,MAE,MAE_std,PSNR,PSNR_std,SSIM,SSIM_std,SSIM_median,SSIM_P25,SSIM_P75,GradL1,GradL1_std,CR_Error,Model_Size_MB,Parameter_Count,Model,CR,Actual_CR,CR_Exact
0.0001996725521166809,0.0005563885732563432,36.796645604937886,6.413601537356808,38.46582288350862,33.34271738937492,42.099994532988205,0.9862153278830319,0.03469437967216692,0.006020822625723668,0.005945016677667663,42.90428588416025,6.299093913205705,0.9789500594867596,0.03788290270129608,0.9941427759337458,0.9762320069663496,0.9980972713255978,0.007755670440383255,0.010157918711991057,0.0,36.22844314575195,9494227,Base_Residual_Attention,2,2.0,True
0.00012978126566849822,0.00033512633788658307,35.70145946212873,4.18156080280012,36.61354385461262,33.54592758067115,38.69776887549018,0.9918966291248879,0.01703398600533045,0.0064634958060923965,0.004130988646634664,41.80909966179608,3.928335210655333,0.9828156632745692,0.025830741519782232,0.9913199214012907,0.9830227010799859,0.9944786701795247,0.006750827981159091,0.007526513787575563,0.0,36.14114761352539,9471343,No_Attention_HARA,2,2.0,True
0.00021773871695813797,0.0006070866217540847,36.644063085862065,6.631553442588144,38.44978506890908,32.17928378248381,42.309985652060625,0.9849543633239987,0.0378406310380135,0.006360152778797783,0.006280565658117293,42.751703371072615,6.577150293028325,0.9770400354599954,0.041639816235645145,0.993826434534876,0.9732070660226078,0.9982638194598507,0.00803891811578069,0.010608912365904763,0.0,36.06631851196289,9452499,Plain_Conv_HARA,2,2.0,True
7.61174538956766e-05,0.0002647314034138707,40.23135774749674,5.616120021080712,41.69208765916994,36.76317117214623,44.652229384392726,0.9954206336630103,0.012592306408543013,0.003893732181750238,0.003843707008912926,46.338998172180816,5.416375113295237,0.9895094264923112,0.022138888969219648,0.9969790528018472,0.9909917982806323,0.9988329038123689,0.004885268153448124,0.006891167645094263,0.0,18.065265655517578,4733755,Light_Capacity_LARA,2,2.0,True
9.203028741239905e-05,0.00030977104480877125,39.21881371130752,5.4161034498069816,40.68970019502302,36.281964485971585,43.356606703805,0.9943449728210091,0.015478286395860302,0.004445063762832433,0.0041926082519669,45.32645406651545,5.299044991755421,0.9876779858871216,0.02408078544926076,0.9961550714300977,0.9876188095334862,0.9979783909886557,0.005572572760283947,0.007479552477558712,0.0,75.95196914672852,19904695,Heavy_Capacity_HARA,2,2.0,True
0.00025370540706717295,0.000642948091518406,35.88477994625883,6.971240559803452,36.74048876212504,30.45338308194451,42.07928807502832,0.9824568717479704,0.04079972895518804,0.006898861320805736,0.006831331513526056,41.99242022095105,6.881196331776666,0.9721720309434648,0.04537689124170512,0.9908165343035975,0.9651283201090792,0.9973981179187257,0.008627052535302937,0.010865445031631876,0.0,24.752880096435547,6485977,Base_Residual_Attention,3,3.0,True
0.00025682659220819913,0.0005972580744910327,34.629054158130046,6.040091866988612,35.743540532256674,30.72074893412362,39.58090080278065,0.9828841390054177,0.03676637022019625,0.007580716640222818,0.006605297501608047,40.73669436736817,5.870089378315505,0.9711527807993788,0.043622985364778766,0.9870648699571969,0.9685802921463288,0.9960260083437604,0.00879584958369378,0.01044668413528948,0.0,24.665584564208984,6463093,No_Attention_HARA,3,3.0,True
0.0002565142625280714,0.0006339808013278747,35.12391663895608,6.331559141095102,36.364331775375376,30.52621719892124,40.394070177745874,0.9828282527238908,0.040065365460766104,0.007549645421095192,0.006577087395603601,41.231556866215996,6.212736572532702,0.9718384266299589,0.04552049697510861,0.9901544519935745,0.9667632962044683,0.997536930134657,0.008582594048930333,0.010839314971091033,0.0,24.590755462646484,6444249,Plain_Conv_HARA,3,3.0,True
0.00020020238347797202,0.0004963711262109542,36.49160418144897,6.687017110049747,37.05464282386637,31.950565839342936,42.39310720508314,0.987830533552212,0.0256339472869976,0.006701000785105862,0.00633102311178866,42.59924447207458,6.589507447879232,0.9750034639490459,0.04066247293844967,0.9891010163778282,0.9714479142104286,0.9974617727968588,0.007905644800630399,0.009724720652309024,0.0,12.327007293701172,3229505,Light_Capacity_LARA,3,3.0,True
0.0002633397218460232,0.0006237506215174112,34.61829582180743,5.989036352127696,36.02855081712826,30.267815549315163,39.52590256076907,0.9832074743183964,0.03739489099612196,0.00807826142234262,0.006621684635347212,40.72593603643204,6.018006257267263,0.9709246530155249,0.04535820365325803,0.9883868086489649,0.964807388024876,0.9968581594317314,0.008895807152148336,0.010828958596758698,0.0,53.00179672241211,13888445,Heavy_Capacity_HARA,3,3.0,True
0.0006428352526063463,0.001142022973944214,30.558807679312707,6.657202600105895,31.1326465322009,25.887310220380616,34.97235153226194,0.956982449023153,0.07044449051232549,0.012386210728436708,0.010172403554661012,36.66644784309843,6.5574325960065085,0.9332642567554257,0.07215343953252247,0.9602487395172178,0.9081845228651282,0.9848504342248481,0.01248463022580836,0.012523710633289008,0.0,15.572429656982422,4079377,Base_Residual_Attention,5,5.0,True
0.0006544125349046226,0.0011387390906119053,30.10831009200061,6.275271283643881,30.946231043329334,25.764715249526706,34.47579705381447,0.9561739698162749,0.07015739287943358,0.012783642982831224,0.010074410986896135,36.21595024554465,6.168469445085253,0.9309018541507009,0.0729419330312825,0.9602549205143928,0.9055473009115671,0.9826049095336373,0.01270006796810776,0.01253621834651023,0.0,15.48513412475586,4056493,No_Attention_HARA,5,5.0,True
0.0006382029607721051,0.0011182454852007833,30.210936120981067,6.190862723552346,31.074403043181732,26.036034851452424,34.97727364428036,0.9579635053581171,0.06937524749784797,0.01300520802848041,0.010006523358660507,36.318576275049196,6.125420917721652,0.9342249344532602,0.07205331452459866,0.9604668320970762,0.9125672250252387,0.9859962909117121,0.012295118608744816,0.012544512847714878,0.0,15.41030502319336,4037649,Plain_Conv_HARA,5,5.0,True
0.0006152187352699911,0.0011205013600451021,31.008196837411546,6.8212860040656125,31.64489327683684,26.287467278033706,35.98284576473141,0.9590201365563996,0.0689289014272159,0.011999934187042528,0.010179345878703195,37.115837009960984,6.764966521825575,0.9363989627836219,0.07242975631204443,0.9636351956563243,0.9129676795751605,0.9880045595138747,0.01218521841801703,0.012672122998944626,0.0,7.736400604248047,2026105,Light_Capacity_LARA,5,5.0,True
0.0006433598599596735,0.0011666274517817077,30.563707147091172,6.533083208629516,31.465050118508575,26.114799328009312,35.32013204313073,0.958019068941538,0.06988280272930719,0.012641621406655758,0.010240326376244386,36.67134730999984,6.49198257118792,0.9341991942877711,0.0736985019099385,0.9610580762167532,0.9152804928173472,0.9869154771089235,0.01229270373703912,0.012691292286949494,0.0,34.641658782958984,9075445,Heavy_Capacity_HARA,5,5.0,True
0.0019831613312453556,0.002120682667288048,23.09749747682231,4.753163750821845,22.75188470320387,19.631602113214004,26.41826939036929,0.8593436284554622,0.1434719742942871,0.024363005810882896,0.013387166426880884,29.20513759627438,4.628178409722839,0.8165077281710653,0.10669585149616191,0.826023186432203,0.758185464323103,0.9017171154343842,0.018501484564039855,0.01351266864208487,0.0,7.316394805908203,1914975,Base_Residual_Attention,10,10.0,True
0.0020447019553466814,0.0020763855596916004,22.795441562124978,4.563621978680282,22.39244121002052,19.329194143520823,25.881791974776153,0.8523871995021411,0.14663212302205503,0.024897750553209336,0.013103881769574532,28.903081680710528,4.42851244077261,0.8101355206154068,0.10646101030493574,0.8159746856543151,0.7539756323647531,0.8902537914359545,0.018864729396300392,0.013421864181059506,0.0,7.227985382080078,1891799,No_Attention_HARA,10,10.0,True
0.0019680052477269784,0.002101981120905204,23.161857578390645,4.83964817217091,22.638860159321762,19.785403271055138,26.38106878297339,0.8587305978619406,0.1447147483875148,0.023893104346934705,0.013467266163985702,29.269497698162358,4.711833128949647,0.8156997440515874,0.1079230695215708,0.8256260632560087,0.7544050363785901,0.9003634582830959,0.018456409459467978,0.013505652843829116,0.0,7.154270172119141,1873247,Plain_Conv_HARA,10,10.0,True
0.0018907463036885019,0.0020407009755058704,23.324773519143264,4.769401173841052,23.181294777959103,19.983182501705084,26.63848086411918,0.8666065746766841,0.13710012189525142,0.023799077009316535,0.013253328183238653,29.432413638913296,4.636814234564554,0.8208221840050259,0.10514472159843566,0.8287375026218557,0.7614210204101912,0.9062243745593077,0.018220631174044682,0.013468165840420473,0.0,7.824024200439453,2049011,Light_Capacity_LARA,10,10.0,True
0.0020752625400564284,0.002083136477565724,22.616587380954144,4.363160023283792,22.494798725267795,19.551332987257382,25.483186951052513,0.8547530092355753,0.13928756715648735,0.025690861677285282,0.01285387268000817,28.724227499081806,4.247849647449282,0.8111918283354007,0.10381394785684758,0.8141676684114658,0.7568471105782573,0.8922631907247355,0.01880337224341929,0.013365912258797404,0.0,18.178974151611328,4759591,Heavy_Capacity_HARA,10,10.0,True
0.0030433125735726207,0.002406387380176508,20.42430194814629,3.82921140566468,20.317533826821197,17.614193490214507,22.663868369143657,0.7721865627012121,0.17235241338224963,0.03052553892834112,0.013854358915869251,26.531942063847513,3.6873979932807983,0.7523328341036555,0.10834818552966433,0.7561650474393246,0.6791560478194535,0.833820898458611,0.020517002691049127,0.0132827134191648,0.0,4.258342742919922,1113325,Base_Residual_Attention,15,15.0,True
0.0030560423464339693,0.00249953752211649,20.439294219820447,3.8254573297721257,20.16730540847446,17.609279523979396,22.961356972050538,0.7788390998734636,0.16305909137356656,0.030693036755546927,0.013937363117919514,26.546934335460946,3.6754572990387415,0.7555081557064302,0.10726581854237721,0.7608608801214629,0.6891538876900993,0.8360605819610623,0.020434545699972658,0.013274298853810568,0.0,4.169933319091797,1090149,No_Attention_HARA,15,15.0,True
0.00294331908778986,0.0024197318542165712,20.643547731025954,3.8953484302341086,20.584589773521344,17.696242756801745,23.05422495047609,0.7874758695712702,0.16084254263213532,0.030270028666127474,0.013922489111465661,26.751187846885625,3.7557576694012234,0.7608295055704292,0.10753212306504603,0.770735014900862,0.68993277586935,0.8394654374522366,0.020125181284965946,0.013291195096819424,0.0,4.096218109130859,1071597,Plain_Conv_HARA,15,15.0,True
0.0029602705418801632,0.002443709982592922,20.59365521245129,3.809565112504162,20.64440317149407,17.634785657254305,22.960898172583075,0.7891668000144914,0.15458142355993873,0.030880886879749596,0.014006754095038609,26.70129532821335,3.6932950221060636,0.7565661774721684,0.10779760516192831,0.7595134715508369,0.6825288857075421,0.8366444434888916,0.020384656167589128,0.01329842458162683,0.0,5.528911590576172,1447361,Light_Capacity_LARA,15,15.0,True
0.0030251619723276235,0.0024350898226010165,20.467877828338793,3.7846078016796203,20.408666859923223,17.523423824659762,22.847535784100884,0.7822686233954093,0.16123038194607245,0.030655507347546518,0.013964255668045168,26.575517943983613,3.6586021933753288,0.7557945053277281,0.10770200910399037,0.76246381940892,0.6841316204462853,0.834592018636686,0.020407023404259234,0.013267517348632678,0.0,12.063060760498047,3156341,Heavy_Capacity_HARA,15,15.0,True
0.003814030117937364,0.002612019466962161,19.088867550413443,3.263720325991108,18.82558110085749,16.75194772612415,21.013390276509668,0.7104578462756714,0.17613484148994948,0.03446121244225651,0.014156865501140918,25.19650766507206,3.1007387896140166,0.7245002999153514,0.10579324108443905,0.7260873230657534,0.6518922126872917,0.8094196998374035,0.021323708775453268,0.013095286311772982,0.0,3.2126235961914062,839064,Base_Residual_Attention,20,20.0,True
0.003709376966871787,0.0026207655433314867,19.31791615532832,3.4459568692478144,18.97627318191096,16.841069926328093,21.548697082376428,0.7252155577537458,0.17204757505871207,0.03427427779417485,0.014402324525760131,25.425556270168954,3.2953463534342124,0.7253563797326171,0.10773134443523155,0.7249712563464843,0.6562419878335757,0.8083481997356862,0.021201320805121212,0.013152534560016473,0.0,3.1231002807617188,815596,No_Attention_HARA,20,20.0,True
0.0038571675066486934,0.00260520996627984,19.048785314854303,3.3096485227048116,18.654773311363193,16.563927403279898,20.91469216823355,0.7022857647224835,0.18642496481000587,0.03460312233772129,0.014150993489862991,25.15642542951339,3.1382291221889385,0.7233224954711632,0.10695927874959017,0.7262431864389122,0.6557589708311471,0.811523837131127,0.02132778098806739,0.01315455057538513,0.0,3.0504989624023438,797336,Plain_Conv_HARA,20,20.0,True
0.0037491877519642003,0.0027721073095440278,19.34230857456309,3.523531489107676,19.140703554823013,16.86263855900265,21.72292931059738,0.7305691122928871,0.16508529829900603,0.03465745836030692,0.014725575638515629,25.449948689435278,3.381807615155537,0.7233643632157643,0.10685486553226588,0.72110529459593,0.651647154633163,0.809829027788203,0.021378991898382084,0.013171143392219736,0.0,4.381355285644531,1146536,Light_Capacity_LARA,20,20.0,True
0.0039025249000405895,0.0027325139912143083,19.026935336563113,3.3262042582308244,18.611603328325337,16.717315515992226,20.9968447946314,0.705981348897555,0.17559808120817097,0.034695207607001066,0.014498375679049819,25.134575451237072,3.1782160444818106,0.7235522614127288,0.10667195340683754,0.7296940267544287,0.6552123971077684,0.8060337315487907,0.021411085606087,0.013127666163736057,0.0,10.020530700683594,2620644,Heavy_Capacity_HARA,20,20.0,True
0.005029450161673594,0.0028214614992354394,17.59043801012558,2.7598335977014754,17.223713058662796,15.662939423153711,19.373249581269928,0.5763393789260912,0.21062526969425788,0.03875378507655114,0.014376590178190537,23.698078124131644,2.601278171402018,0.6917533832492722,0.10545291384892932,0.6953658988841369,0.6233693469240782,0.7655576078235695,0.022297613981645554,0.012930252311701824,0.0,2.4465370178222656,638239,Base_Residual_Attention,30,30.0,True
0.005046449362998829,0.002823416426095242,17.557193546880754,2.731415078706128,17.248824707989638,15.799434907610182,19.37265772767856,0.5743303579821807,0.20943928701199135,0.03863189419265836,0.014325326343369308,23.664833660866524,2.5540948234114524,0.6925748182090894,0.10432026091235043,0.6925816628376771,0.6293215890996187,0.7727493574544213,0.02230738043319434,0.012908433448239729,0.0,2.357013702392578,614771,No_Attention_HARA,30,30.0,True
0.005030829837778583,0.0028432009103793463,17.602646351006072,2.791621375771893,17.172839088789047,15.668837429312582,19.3277765848805,0.5760344302584113,0.21253680743944747,0.038529237806797026,0.01449706457064565,23.71028646502271,2.6325267784022213,0.6919609002370811,0.1054582070463548,0.6924915789691155,0.6225641595911721,0.7763647896908915,0.022298125771339983,0.012926022602851023,0.0,2.284412384033203,596511,Plain_Conv_HARA,30,30.0,True
0.004712306185683701,0.0030474029407208786,18.136741550694666,3.2145927496035234,17.59721447139541,15.891487876803149,20.28991671832608,0.6475561923171879,0.17672133365118417,0.03918075568508357,0.015202509387517577,24.24438166497149,3.0751982965525575,0.6919986410992952,0.10468147320472018,0.6907930481219454,0.6281396848471936,0.7807332731671105,0.022056625094264745,0.012971981266355802,0.0,3.2337989807128906,845711,Light_Capacity_LARA,30,30.0,True
0.004935592496185564,0.0028459182765173943,17.712825359796604,2.855415373659922,17.338075868788806,15.907308306268007,19.37729588535866,0.600222716380697,0.1936830470559214,0.03866257180925459,0.014767414142505517,23.820465473854757,2.683056547806551,0.6937780032222703,0.10506216667181695,0.6937117913507711,0.6293776433330602,0.7773164668823844,0.02226910893106833,0.012920902613229902,0.0,8.488452911376953,2219019,Heavy_Capacity_HARA,30,30.0,True
0.005975712529616431,0.0030037827324743346,16.685329913981406,2.483382684253307,16.46245122693972,15.00203955864786,18.227215165114934,0.47823577692194574,0.19718011872319935,0.04247072197496891,0.014802127954577459,22.79297002770868,2.2702064014812144,0.673826578093496,0.10412891777182506,0.670886783166106,0.6108666770883849,0.7528499880012205,0.022717802862171083,0.012788554408948227,0.0,7.385845184326172,1929839,Base_Residual_Attention,50,50.0,True
0.00598381226125639,0.0030378391459588774,16.701196490885664,2.5361401998700717,16.43200082036115,15.040559612309902,18.034929715324893,0.479579393460695,0.19544092413375144,0.0421563393715769,0.014940161625452635,22.808836604624272,2.325501500121512,0.675426121433923,0.10504389160173525,0.6750489945376441,0.6109094788948647,0.7533625524832179,0.022695300304330885,0.012795996191950864,0.0,7.043010711669922,1839967,No_Attention_HARA,50,50.0,True
0.005814386404235847,0.0029718901471812924,16.820156889713893,2.527803991047836,16.6194394365075,15.107329087520109,18.060298203259862,0.5085702831403739,0.1877697074798868,0.041385489688254895,0.014639593297728286,22.92779700347478,2.3023702487772084,0.6781565950490891,0.1034824042660669,0.6743609717755664,0.6194065798767922,0.755537226736988,0.022435052525252103,0.012851807617819693,0.0,6.715900421142578,1756015,Plain_Conv_HARA,50,50.0,True
0.005796344809932634,0.003018778856598608,16.87304148718778,2.561136433641661,16.678900054080486,15.162393196683022,18.4500338370729,0.5072168147860459,0.19913787963546178,0.04196891993749887,0.014801903596324478,22.980681600974076,2.394821652558372,0.6785200006606198,0.10230819731904472,0.6760886129903003,0.6165442086991827,0.754968406541296,0.022507579380180685,0.012787175674081339,0.0,2.956768035888672,771547,Light_Capacity_LARA,50,50.0,True
0.005704347011633217,0.002945850481691685,16.927517926504148,2.528104441489709,16.720917479111307,15.30410813669078,18.33017405758082,0.5240750788571876,0.18768788694438265,0.04112370694521814,0.014696125990578821,23.03515804029699,2.3580956301249922,0.682676732839161,0.10443682798843122,0.6891250913368996,0.6215913072062434,0.7612618681501879,0.022323496537283063,0.012862418782607484,0.0,28.978435516357422,7583935,Heavy_Capacity_HARA,50,50.0,True
0.006111655977438204,0.003032679090536013,16.57692366576864,2.4585043191235267,16.296911055478496,15.052518480548057,17.97084572877975,0.47361997333847233,0.18279525523361884,0.042386868349276484,0.014996090097398695,22.68456377947029,2.2508265610243043,0.6745042454086158,0.10325807887223272,0.6763604142734441,0.6101269875710751,0.7557187850067381,0.02254760990617797,0.012780680204584666,0.0,7.318077087402344,1912074,Base_Residual_Attention,60,60.0,True
0.006341378147481009,0.003074727707598552,16.411653387289732,2.4626795334917766,16.092467025300955,14.808883850618411,17.81737155501446,0.43171843493626644,0.19786465567452552,0.04294167746789754,0.015106383473786147,22.51929350095919,2.2569781458310114,0.6682317329172099,0.10541880693881919,0.6624663611162265,0.6033371261380882,0.7486022070628595,0.022838128670118748,0.012780454288400096,0.0,6.975242614746094,1822202,No_Attention_HARA,60,60.0,True
0.006350313693401404,0.0031017342759879236,16.404002283564036,2.4447082460729117,16.01728316815025,14.785079827814561,17.946523772527872,0.43600850484060444,0.19039759367603434,0.04292802914511412,0.015235761603947733,22.51164239722766,2.2392158482852147,0.6665091819419604,0.10608428691460361,0.6599304904183283,0.6010590107430892,0.7501832521850615,0.02291146699106321,0.012784656460980762,0.0,6.64813232421875,1738250,Plain_Conv_HARA,60,60.0,True
0.006191039423574693,0.003300629983694978,16.61470547164663,2.654336022655742,16.285255621489885,14.745226921386816,18.27849465186015,0.4660809424639979,0.20155419547186618,0.043466244195587936,0.015503413888760746,22.72234558538087,2.4479361341836436,0.6645881804957015,0.10230347667729305,0.6580213018954895,0.6027318806049333,0.7426133465797128,0.022873680517077447,0.012706229666048612,0.0,2.8420028686523438,741462,Light_Capacity_LARA,60,60.0,True
0.006358619756065309,0.00308293243289069,16.39683390583342,2.4618413687704206,16.017765935034156,14.762869651785762,17.843949947054224,0.43588384225291593,0.19787398283441124,0.04459736198186874,0.014520772317776322,22.50447401949833,2.2472791834562633,0.6674703595946628,0.1050036998221664,0.6666327114275814,0.5994386814170293,0.7417992221913005,0.022871155322063713,0.012787899449684004,0.0,28.842918395996094,7548410,Heavy_Capacity_HARA,60,60.0,True
0.0071434698230586945,0.0033339072402604245,15.842941183659805,2.336983825359991,15.418910825906924,14.25432913961847,17.302442807128195,0.3211950262858082,0.1735551121569751,0.04525598337408155,0.01580213448985478,21.950581297208664,2.13778920271619,0.6501153676783398,0.1046577109450218,0.650700886409536,0.5853743838847445,0.7265181645116598,0.02321885304292664,0.012696895860855133,0.0,7.2191619873046875,1886144,Base_Residual_Attention,100,100.0,True
0.007149377999012358,0.003359572321308478,15.847331196484106,2.354026097497208,15.409073102447515,14.274410293678347,17.186385797084977,0.32282479684103266,0.17446589597961468,0.045597706204280254,0.015741080788754285,21.954971310034924,2.155150254743175,0.6516351160950004,0.10540441794699469,0.6429855409982974,0.5886419418560376,0.7277414723865605,0.023177106156945227,0.012714075016323252,0.0,6.8763275146484375,1796272,No_Attention_HARA,100,100.0,True
0.00716393643990159,0.003286457850316753,15.81503727674505,2.293907434889422,15.360608797020362,14.277787596436657,17.181345025277576,0.3150682932043569,0.17578191385165057,0.04594365975819528,0.015485792859964546,21.92267739028534,2.101755195444545,0.649726326583681,0.105087643376642,0.6445628290749499,0.5839642212330274,0.722995581811907,0.02321468933718279,0.012702825312556754,0.0,6.549217224121094,1712320,Plain_Conv_HARA,100,100.0,True
0.006882965457043611,0.0033209314606918155,16.025148401975304,2.3850994698598007,15.76325199375962,14.592630696243743,17.28215416882006,0.3579597299957692,0.20538678603446625,0.04472174640744925,0.015551418737877035,22.13278851555825,2.1689450327587165,0.6618117536559123,0.10307701898514976,0.6556190777735749,0.6045727680569325,0.7352368033277297,0.023028696591500194,0.012661896490275831,0.0,2.6124725341796875,681292,Light_Capacity_LARA,100,100.0,True
0.008462397683179006,0.0034803845635445743,14.998831494447922,2.1864553504930493,14.953095581045734,13.48417226279632,16.37328984221665,0.1508999486032681,0.14137826262295208,0.055793840112164615,0.01484204522289033,21.10647160784145,1.8816167741710699,0.6380182324432219,0.10460020651510422,0.6321421278276109,0.5750364598185125,0.7132009352185907,0.023443477577529848,0.012640149605079804,0.0,28.645126342773438,7496560,Heavy_Capacity_HARA,100,100.0,True
