Model,CR,bits,latent_dim,coder_bits_per_trace,entropy_bound_bits_per_trace,fixed_bits_per_trace,side_info_bits,model_bits,BPS_coded,BPS_entropy_bound,BPS_uncoded,BPS_infinite_N,SNR_dB,SSIM,MSE,SNR_unquantized_dB,SNR_loss_dB
LARA,2,8,750,5527.68,5013.03,6000.0,24000,151480160,505.0323,505.0306,505.0939,3.6851,39.2543,0.9884,8.392e-05,39.6684,0.4141
LARA,2,6,750,3814.88,3606.06,4500.0,24000,151480160,505.0266,505.0259,505.0939,2.5433,36.7761,0.9863,0.00010071,39.6684,2.8923
LARA,2,5,750,2991.04,2861.57,3750.0,24000,151480160,505.0238,505.0234,505.0939,1.994,33.2848,0.9797,0.00015868,39.6684,6.3836
LARA,2,4,750,2182.56,2101.55,3000.0,24000,151480160,505.0211,505.0209,505.0939,1.455,28.2741,0.9533,0.00041278,39.6684,11.3943
LARA,2,3,750,1392.96,1341.78,2250.0,24000,151480160,505.0185,505.0183,505.0939,0.9286,22.2185,0.8613,0.00157721,39.6684,17.4499
LARA,2,2,750,848.64,812.12,1500.0,24000,151480160,505.0167,505.0166,505.0939,0.5658,14.2081,0.6208,0.00972996,39.6684,25.4603
LARA,3,8,500,3780.96,3351.24,4000.0,16000,103344160,344.5465,344.545,344.5872,2.5206,36.1732,0.9737,0.00020663,36.4367,0.2635
LARA,3,6,500,2632.0,2449.69,3000.0,16000,103344160,344.5426,344.542,344.5872,1.7547,34.6037,0.9719,0.00022082,36.4367,1.833
LARA,3,5,500,2075.52,1959.24,2500.0,16000,103344160,344.5408,344.5404,344.5872,1.3837,31.8953,0.9658,0.00027509,36.4367,4.5414
LARA,3,4,500,1528.96,1454.11,2000.0,16000,103344160,344.539,344.5387,344.5872,1.0193,27.8662,0.9424,0.00049606,36.4367,8.5705
LARA,3,3,500,990.56,941.99,1500.0,16000,103344160,344.5372,344.537,344.5872,0.6604,22.2343,0.8632,0.00158637,36.4367,14.2023
LARA,3,2,500,579.2,545.72,1000.0,16000,103344160,344.5358,344.5357,344.5872,0.3861,14.4143,0.6503,0.0093443,36.4367,22.0223
LARA,5,8,300,2319.52,1975.77,2400.0,9600,64835360,216.1576,216.1565,216.1819,1.5463,31.0908,0.9356,0.00061612,31.1679,0.0771
LARA,5,6,300,1628.64,1470.56,1800.0,9600,64835360,216.1553,216.1548,216.1819,1.0858,30.3745,0.9342,0.00063078,31.1679,0.7934
LARA,5,5,300,1286.72,1183.73,1500.0,9600,64835360,216.1542,216.1538,216.1819,0.8578,28.8534,0.9292,0.00068438,31.1679,2.3144
LARA,5,4,300,951.04,883.18,1200.0,9600,64835360,216.153,216.1528,216.1819,0.634,26.0963,0.9118,0.00090776,31.1679,5.0716
LARA,5,3,300,621.28,576.62,900.0,9600,64835360,216.1519,216.1518,216.1819,0.4142,21.632,0.8494,0.00193262,31.1679,9.5359
LARA,5,2,300,357.28,327.12,600.0,9600,64835360,216.1511,216.151,216.1819,0.2382,14.5241,0.683,0.0091245,31.1679,16.6438
LARA,10,8,150,1187.04,932.89,1200.0,4800,65568352,218.5811,218.5803,218.5932,0.7914,23.2571,0.8213,0.00187235,23.2622,0.0051
LARA,10,6,150,845.92,720.63,900.0,4800,65568352,218.58,218.5796,218.5932,0.5639,23.1657,0.8206,0.00188659,23.2622,0.0965
LARA,10,5,150,670.56,585.11,750.0,4800,65568352,218.5794,218.5791,218.5932,0.447,22.9117,0.8179,0.00193154,23.2622,0.3505
LARA,10,4,150,498.4,439.16,600.0,4800,65568352,218.5788,218.5786,218.5932,0.3323,22.0308,0.8069,0.00213397,23.2622,1.2314
LARA,10,3,150,329.76,288.14,450.0,4800,65568352,218.5783,218.5781,218.5932,0.2198,19.6829,0.7694,0.00307191,23.2622,3.5793
LARA,10,2,150,196.48,163.03,300.0,4800,65568352,218.5778,218.5777,218.5932,0.131,14.4632,0.662,0.00924494,23.2622,8.799
LARA,15,8,100,801.28,594.2,800.0,3200,46315552,154.3985,154.3978,154.4065,0.5342,20.5967,0.7604,0.00292425,20.6007,0.004
LARA,15,6,100,580.8,473.27,600.0,3200,46315552,154.3978,154.3974,154.4065,0.3872,20.552,0.76,0.00293916,20.6007,0.0487
LARA,15,5,100,463.52,387.44,500.0,3200,46315552,154.3974,154.3971,154.4065,0.309,20.4272,0.7587,0.00298574,20.6007,0.1735
LARA,15,4,100,347.52,293.36,400.0,3200,46315552,154.397,154.3968,154.4065,0.2317,19.9145,0.7523,0.00320525,20.6007,0.6862
LARA,15,3,100,232.48,193.69,300.0,3200,46315552,154.3966,154.3965,154.4065,0.155,18.2597,0.7289,0.00425298,20.6007,2.3409
LARA,15,2,100,134.88,108.76,200.0,3200,46315552,154.3963,154.3962,154.4065,0.0899,14.0532,0.6467,0.0103949,20.6007,6.5474
LARA,20,8,75,607.84,425.39,600.0,2400,36689152,122.3072,122.3066,122.3132,0.4052,19.282,0.7263,0.003724,19.2849,0.0029
LARA,20,6,75,442.72,344.09,450.0,2400,36689152,122.3066,122.3063,122.3132,0.2951,19.258,0.726,0.00373657,19.2849,0.0269
LARA,20,5,75,354.88,283.2,375.0,2400,36689152,122.3064,122.3061,122.3132,0.2366,19.1978,0.7251,0.00376923,19.2849,0.0871
LARA,20,4,75,265.28,214.18,300.0,2400,36689152,122.3061,122.3059,122.3132,0.1769,18.9293,0.721,0.00391175,19.2849,0.3556
LARA,20,3,75,178.24,140.82,225.0,2400,36689152,122.3058,122.3056,122.3132,0.1188,17.9759,0.7045,0.00457205,19.2849,1.309
LARA,20,2,75,102.88,79.47,150.0,2400,36689152,122.3055,122.3054,122.3132,0.0686,14.8027,0.6462,0.00861978,19.2849,4.4822
LARA,30,8,50,416.0,262.83,400.0,1600,27062752,90.2159,90.2154,90.2198,0.2773,18.1037,0.6929,0.00472676,18.1103,0.0066
LARA,30,6,50,306.88,221.71,300.0,1600,27062752,90.2155,90.2152,90.2198,0.2046,18.0925,0.6928,0.00473411,18.1103,0.0177
LARA,30,5,50,250.24,186.14,250.0,1600,27062752,90.2153,90.2151,90.2198,0.1668,18.0449,0.692,0.00476316,18.1103,0.0653
LARA,30,4,50,188.96,142.92,200.0,1600,27062752,90.2151,90.215,90.2198,0.126,17.8108,0.6885,0.00493739,18.1103,0.2995
LARA,30,3,50,129.44,95.14,150.0,1600,27062752,90.2149,90.2148,90.2198,0.0863,17.0281,0.6762,0.00561162,18.1103,1.0822
LARA,30,2,50,77.12,53.93,100.0,1600,27062752,90.2148,90.2147,90.2198,0.0514,14.4068,0.6289,0.00944107,18.1103,3.7035
LARA,50,8,30,256.0,139.17,240.0,960,24689504,82.3024,82.302,82.3047,0.1707,16.8718,0.6763,0.00579876,16.8718,0.0
LARA,50,6,30,192.0,119.45,180.0,960,24689504,82.3022,82.3019,82.3047,0.128,16.8569,0.6756,0.00581286,16.8718,0.015
LARA,50,5,30,159.52,101.19,150.0,960,24689504,82.3021,82.3019,82.3047,0.1063,16.8218,0.6743,0.00584725,16.8718,0.05
LARA,50,4,30,121.76,77.18,120.0,960,24689504,82.302,82.3018,82.3047,0.0812,16.6412,0.6684,0.00604433,16.8718,0.2306
LARA,50,3,30,83.2,50.29,90.0,960,24689504,82.3018,82.3017,82.3047,0.0555,16.0004,0.6496,0.00684243,16.8718,0.8714
LARA,50,2,30,64.0,31.4,60.0,960,24689504,82.3018,82.3017,82.3047,0.0427,13.8381,0.6171,0.01069786,16.8718,3.0338
LARA,60,8,25,224.0,110.63,200.0,800,23726784,79.0927,79.0923,79.0946,0.1493,16.5924,0.6657,0.00616487,16.594,0.0016
LARA,60,6,25,160.0,96.3,150.0,800,23726784,79.0925,79.0923,79.0946,0.1067,16.5789,0.6653,0.00617978,16.594,0.0151
LARA,60,5,25,128.32,81.84,125.0,800,23726784,79.0924,79.0922,79.0946,0.0855,16.5442,0.6641,0.00621962,16.594,0.0498
LARA,60,4,25,99.04,63.43,100.0,800,23726784,79.0923,79.0922,79.0946,0.066,16.4069,0.6603,0.00637919,16.594,0.1871
LARA,60,3,25,70.88,41.22,75.0,800,23726784,79.0922,79.0921,79.0946,0.0473,15.8099,0.6467,0.00712578,16.594,0.7841
LARA,60,2,25,63.52,25.79,50.0,800,23726784,79.0922,79.092,79.0946,0.0423,13.5853,0.6182,0.01161234,16.594,3.0087
LARA,100,8,15,128.0,56.34,120.0,480,21801344,72.6732,72.6729,72.6743,0.0853,16.1536,0.6638,0.00674653,16.1555,0.0019
LARA,100,6,15,96.0,50.13,90.0,480,21801344,72.6731,72.6729,72.6743,0.064,16.1342,0.663,0.00677063,16.1555,0.0213
LARA,100,5,15,95.84,43.78,75.0,480,21801344,72.6731,72.6729,72.6743,0.0639,16.069,0.6604,0.00685049,16.1555,0.0865
LARA,100,4,15,64.16,33.81,60.0,480,21801344,72.673,72.6729,72.6743,0.0428,15.8242,0.652,0.00716597,16.1555,0.3313
LARA,100,3,15,54.4,21.61,45.0,480,21801344,72.6729,72.6728,72.6743,0.0363,15.0771,0.634,0.00832736,16.1555,1.0784
LARA,100,2,15,32.0,14.76,30.0,480,21801344,72.6729,72.6728,72.6743,0.0213,13.1117,0.6106,0.01273365,16.1555,3.0438
GeneralizedAutoencoder,2,8,750,5649.76,5159.73,6000.0,24000,576714208,1922.4795,1922.4779,1922.5407,3.7665,37.9059,0.9839,0.00010328,38.1483,0.2423
GeneralizedAutoencoder,2,6,750,3960.32,3758.77,4500.0,24000,576714208,1922.4739,1922.4732,1922.5407,2.6402,36.223,0.981,0.00011664,38.1483,1.9253
GeneralizedAutoencoder,2,5,750,3139.2,3014.43,3750.0,24000,576714208,1922.4712,1922.4707,1922.5407,2.0928,33.5589,0.9716,0.000158,38.1483,4.5894
GeneralizedAutoencoder,2,4,750,2327.84,2248.81,3000.0,24000,576714208,1922.4685,1922.4682,1922.5407,1.5519,29.2193,0.9368,0.00033355,38.1483,8.9289
GeneralizedAutoencoder,2,3,750,1523.04,1472.53,2250.0,24000,576714208,1922.4658,1922.4656,1922.5407,1.0154,22.8194,0.8322,0.00133914,38.1483,15.3289
GeneralizedAutoencoder,2,2,750,857.76,823.32,1500.0,24000,576714208,1922.4636,1922.4634,1922.5407,0.5718,15.0366,0.5885,0.00805536,38.1483,23.1116
GeneralizedAutoencoder,3,8,500,3811.68,3391.35,4000.0,16000,384706208,1282.4201,1282.4187,1282.4607,2.5411,33.8181,0.9644,0.00027867,33.9243,0.1062
GeneralizedAutoencoder,3,6,500,2669.28,2488.78,3000.0,16000,384706208,1282.4163,1282.4157,1282.4607,1.7795,32.8805,0.9612,0.00029367,33.9243,1.0438
GeneralizedAutoencoder,3,5,500,2113.92,1998.22,2500.0,16000,384706208,1282.4144,1282.414,1282.4607,1.4093,30.9086,0.951,0.00034505,33.9243,3.0157
GeneralizedAutoencoder,3,4,500,1566.24,1491.14,2000.0,16000,384706208,1282.4126,1282.4123,1282.4607,1.0442,27.3202,0.9152,0.00056501,33.9243,6.6041
GeneralizedAutoencoder,3,3,500,1023.52,974.73,1500.0,16000,384706208,1282.4108,1282.4106,1282.4607,0.6823,21.7954,0.8167,0.00170968,33.9243,12.129
GeneralizedAutoencoder,3,2,500,577.44,544.1,1000.0,16000,384706208,1282.4093,1282.4092,1282.4607,0.385,14.6798,0.614,0.00868193,33.9243,19.2445
GeneralizedAutoencoder,5,8,300,2324.0,1980.3,2400.0,9600,231099808,770.3724,770.3713,770.3967,1.5493,29.4325,0.9272,0.00070476,29.4702,0.0377
GeneralizedAutoencoder,5,6,300,1632.0,1475.57,1800.0,9600,231099808,770.3701,770.3696,770.3967,1.088,29.0306,0.9246,0.0007195,29.4702,0.4396
GeneralizedAutoencoder,5,5,300,1291.04,1188.47,1500.0,9600,231099808,770.369,770.3687,770.3967,0.8607,28.0312,0.9166,0.00076849,29.4702,1.439
GeneralizedAutoencoder,5,4,300,955.52,887.61,1200.0,9600,231099808,770.3679,770.3677,770.3967,0.637,25.6431,0.8882,0.00098529,29.4702,3.8271
GeneralizedAutoencoder,5,3,300,626.4,580.64,900.0,9600,231099808,770.3668,770.3666,770.3967,0.4176,21.4417,0.8084,0.00197735,29.4702,8.0285
GeneralizedAutoencoder,5,2,300,355.68,326.0,600.0,9600,231099808,770.3659,770.3658,770.3967,0.2371,14.7333,0.6302,0.00845704,29.4702,14.737
GeneralizedAutoencoder,10,8,150,1188.8,936.2,1200.0,4800,115895008,386.3367,386.3358,386.3487,0.7925,22.736,0.8061,0.00205852,22.7433,0.0073
GeneralizedAutoencoder,10,6,150,847.68,723.44,900.0,4800,115895008,386.3355,386.3351,386.3487,0.5651,22.6663,0.805,0.00207058,22.7433,0.077
GeneralizedAutoencoder,10,5,150,675.68,587.85,750.0,4800,115895008,386.3349,386.3347,386.3487,0.4505,22.4396,0.8016,0.00211734,22.7433,0.3037
GeneralizedAutoencoder,10,4,150,501.28,442.25,600.0,4800,115895008,386.3344,386.3342,386.3487,0.3342,21.6526,0.7884,0.00231652,22.7433,1.0907
GeneralizedAutoencoder,10,3,150,332.96,290.3,450.0,4800,115895008,386.3338,386.3337,386.3487,0.222,19.4311,0.7446,0.00326032,22.7433,3.3122
GeneralizedAutoencoder,10,2,150,196.0,162.16,300.0,4800,115895008,386.3333,386.3332,386.3487,0.1307,14.499,0.6317,0.009028,22.7433,8.2443
GeneralizedAutoencoder,15,8,100,802.24,595.24,800.0,3200,77493408,258.3247,258.324,258.3327,0.5348,20.1941,0.7507,0.00315932,20.1956,0.0015
GeneralizedAutoencoder,15,6,100,583.52,477.04,600.0,3200,77493408,258.324,258.3236,258.3327,0.389,20.1676,0.7503,0.00316932,20.1956,0.028
GeneralizedAutoencoder,15,5,100,468.0,392.34,500.0,3200,77493408,258.3236,258.3233,258.3327,0.312,20.0922,0.749,0.00320017,20.1956,0.1034
GeneralizedAutoencoder,15,4,100,350.88,298.49,400.0,3200,77493408,258.3232,258.323,258.3327,0.2339,19.7886,0.7437,0.00333158,20.1956,0.407
GeneralizedAutoencoder,15,3,100,237.76,198.52,300.0,3200,77493408,258.3228,258.3227,258.3327,0.1585,18.6482,0.722,0.00398518,20.1956,1.5474
GeneralizedAutoencoder,15,2,100,136.8,110.18,200.0,3200,77493408,258.3225,258.3224,258.3327,0.0912,14.8664,0.6407,0.00838799,20.1956,5.3292
GeneralizedAutoencoder,20,8,75,607.84,426.11,600.0,2400,58292608,194.3187,194.3181,194.3247,0.4052,18.9358,0.7163,0.00396323,18.9374,0.0016
GeneralizedAutoencoder,20,6,75,443.52,347.96,450.0,2400,58292608,194.3182,194.3179,194.3247,0.2957,18.9195,0.7159,0.00397163,18.9374,0.0178
GeneralizedAutoencoder,20,5,75,356.48,287.99,375.0,2400,58292608,194.3179,194.3177,194.3247,0.2377,18.867,0.7149,0.00400223,18.9374,0.0703
GeneralizedAutoencoder,20,4,75,271.36,219.28,300.0,2400,58292608,194.3176,194.3174,194.3247,0.1809,18.6526,0.7104,0.00413098,18.9374,0.2847
GeneralizedAutoencoder,20,3,75,183.2,145.75,225.0,2400,58292608,194.3173,194.3172,194.3247,0.1221,17.7676,0.6923,0.00477974,18.9374,1.1698
GeneralizedAutoencoder,20,2,75,105.76,81.06,150.0,2400,58292608,194.317,194.317,194.3247,0.0705,14.4331,0.6171,0.00931049,18.9374,4.5043
GeneralizedAutoencoder,30,8,50,416.0,262.71,400.0,1600,39091808,130.3127,130.3122,130.3167,0.2773,17.6055,0.6879,0.00505297,17.6064,0.0009
GeneralizedAutoencoder,30,6,50,306.56,220.56,300.0,1600,39091808,130.3124,130.3121,130.3167,0.2044,17.5968,0.6876,0.00506047,17.6064,0.0095
GeneralizedAutoencoder,30,5,50,247.36,184.5,250.0,1600,39091808,130.3122,130.312,130.3167,0.1649,17.5657,0.6869,0.0050855,17.6064,0.0406
GeneralizedAutoencoder,30,4,50,186.56,141.26,200.0,1600,39091808,130.312,130.3118,130.3167,0.1244,17.4477,0.6837,0.0051859,17.6064,0.1587
GeneralizedAutoencoder,30,3,50,128.96,94.49,150.0,1600,39091808,130.3118,130.3117,130.3167,0.086,16.9006,0.6719,0.00568973,17.6064,0.7058
GeneralizedAutoencoder,30,2,50,75.2,53.26,100.0,1600,39091808,130.3116,130.3115,130.3167,0.0501,14.4407,0.628,0.00935036,17.6064,3.1657
GeneralizedAutoencoder,50,8,30,256.0,139.34,240.0,960,23731168,79.1079,79.1076,79.1103,0.1707,16.6045,0.6639,0.00611298,16.607,0.0025
GeneralizedAutoencoder,50,6,30,192.0,120.95,180.0,960,23731168,79.1077,79.1075,79.1103,0.128,16.5985,0.6637,0.00611932,16.607,0.0085
GeneralizedAutoencoder,50,5,30,158.4,103.5,150.0,960,23731168,79.1076,79.1074,79.1103,0.1056,16.5825,0.6634,0.00613694,16.607,0.0245
GeneralizedAutoencoder,50,4,30,123.84,80.61,120.0,960,23731168,79.1075,79.1074,79.1103,0.0826,16.5088,0.6611,0.00621826,16.607,0.0982
GeneralizedAutoencoder,50,3,30,87.2,53.83,90.0,960,23731168,79.1074,79.1073,79.1103,0.0581,16.1687,0.6528,0.0066195,16.607,0.4383
GeneralizedAutoencoder,50,2,30,64.0,31.54,60.0,960,23731168,79.1073,79.1072,79.1103,0.0427,14.3744,0.6238,0.00954466,16.607,2.2326
GeneralizedAutoencoder,60,8,25,224.0,110.15,200.0,800,19891008,66.3068,66.3064,66.3087,0.1493,16.3736,0.6592,0.00642663,16.375,0.0015
GeneralizedAutoencoder,60,6,25,160.0,96.03,150.0,800,19891008,66.3066,66.3063,66.3087,0.1067,16.3693,0.6591,0.00643194,16.375,0.0057
GeneralizedAutoencoder,60,5,25,128.16,82.27,125.0,800,19891008,66.3065,66.3063,66.3087,0.0854,16.3532,0.6586,0.00644948,16.375,0.0218
GeneralizedAutoencoder,60,4,25,100.0,63.83,100.0,800,19891008,66.3064,66.3062,66.3087,0.0667,16.2882,0.6572,0.00652554,16.375,0.0868
GeneralizedAutoencoder,60,3,25,72.48,42.62,75.0,800,19891008,66.3063,66.3062,66.3087,0.0483,15.9782,0.6499,0.00690955,16.375,0.3968
GeneralizedAutoencoder,60,2,25,61.44,25.83,50.0,800,19891008,66.3062,66.3061,66.3087,0.041,14.2793,0.6256,0.0098036,16.375,2.0957
GeneralizedAutoencoder,100,8,15,128.0,56.53,120.0,480,12210688,40.7043,40.7041,40.7055,0.0853,15.8669,0.6481,0.00712984,15.8672,0.0004
GeneralizedAutoencoder,100,6,15,96.0,51.61,90.0,480,12210688,40.7042,40.7041,40.7055,0.064,15.8633,0.648,0.0071343,15.8672,0.0039
GeneralizedAutoencoder,100,5,15,96.0,45.77,75.0,480,12210688,40.7042,40.704,40.7055,0.064,15.8501,0.6477,0.00715141,15.8672,0.0171
GeneralizedAutoencoder,100,4,15,64.0,36.75,60.0,480,12210688,40.7041,40.704,40.7055,0.0427,15.7949,0.6463,0.00722701,15.8672,0.0723
GeneralizedAutoencoder,100,3,15,63.2,25.64,45.0,480,12210688,40.7041,40.704,40.7055,0.0421,15.5409,0.6409,0.00758172,15.8672,0.3263
GeneralizedAutoencoder,100,2,15,32.0,15.29,30.0,480,12210688,40.704,40.7039,40.7055,0.0213,14.1362,0.6204,0.01016233,15.8672,1.731
AE_PureConcat,2,8,750,5658.56,5174.39,6000.0,24000,612080192,2040.3662,2040.3646,2040.4273,3.7724,34.7776,0.9668,0.00014133,34.9942,0.2166
AE_PureConcat,2,6,750,3979.04,3781.42,4500.0,24000,612080192,2040.3606,2040.3599,2040.4273,2.6527,34.1955,0.9646,0.00015088,34.9942,0.7987
AE_PureConcat,2,5,750,3161.6,3038.96,3750.0,24000,612080192,2040.3578,2040.3574,2040.4273,2.1077,32.7472,0.9576,0.0001817,34.9942,2.247
AE_PureConcat,2,4,750,2351.04,2274.51,3000.0,24000,612080192,2040.3551,2040.3549,2040.4273,1.5674,29.6327,0.9306,0.00030683,34.9942,5.3615
AE_PureConcat,2,3,750,1548.8,1499.83,2250.0,24000,612080192,2040.3525,2040.3523,2040.4273,1.0325,24.3841,0.8409,0.00092281,34.9942,10.6102
AE_PureConcat,2,2,750,767.2,733.85,1500.0,24000,612080192,2040.3499,2040.3498,2040.4273,0.5115,17.7133,0.6348,0.0042267,34.9942,17.2809
AE_PureConcat,3,8,500,3826.56,3411.96,4000.0,16000,408072192,1360.3067,1360.3053,1360.3473,2.551,32.2706,0.9489,0.00031481,32.4238,0.1532
AE_PureConcat,3,6,500,2691.52,2514.43,3000.0,16000,408072192,1360.3029,1360.3024,1360.3473,1.7943,31.8162,0.9469,0.00032543,32.4238,0.6076
AE_PureConcat,3,5,500,2139.04,2024.14,2500.0,16000,408072192,1360.3011,1360.3007,1360.3473,1.426,30.7017,0.9403,0.00035999,32.4238,1.7221
AE_PureConcat,3,4,500,1589.92,1517.38,2000.0,16000,408072192,1360.2993,1360.299,1360.3473,1.0599,27.9678,0.9158,0.00051254,32.4238,4.456
AE_PureConcat,3,3,500,1050.08,1001.94,1500.0,16000,408072192,1360.2975,1360.2973,1360.3473,0.7001,23.2299,0.8338,0.00124647,32.4238,9.1939
AE_PureConcat,3,2,500,526.24,493.14,1000.0,16000,408072192,1360.2957,1360.2956,1360.3473,0.3508,16.6422,0.645,0.00549086,32.4238,15.7816
AE_PureConcat,5,8,300,1844.16,1458.61,2400.0,9600,244865792,816.2575,816.2562,816.2833,1.2294,22.6242,0.8092,0.00222196,22.6532,0.0289
AE_PureConcat,5,6,300,1357.44,1197.58,1800.0,9600,244865792,816.2558,816.2553,816.2833,0.905,22.5582,0.8084,0.00223189,22.6532,0.095
AE_PureConcat,5,5,300,1129.44,1029.31,1500.0,9600,244865792,816.2551,816.2547,816.2833,0.753,22.3598,0.8057,0.00226579,22.6532,0.2934
AE_PureConcat,5,4,300,910.56,844.31,1200.0,9600,244865792,816.2543,816.2541,816.2833,0.607,21.7004,0.7945,0.00240991,22.6532,0.9528
AE_PureConcat,5,3,300,681.44,639.13,900.0,9600,244865792,816.2536,816.2534,816.2833,0.4543,19.8969,0.757,0.00306888,22.6532,2.7562
AE_PureConcat,5,2,300,476.48,446.08,600.0,9600,244865792,816.2529,816.2528,816.2833,0.3177,15.5398,0.6552,0.00716745,22.6532,7.1134
AE_PureConcat,10,8,150,1183.52,927.95,1200.0,4800,122456896,408.2096,408.2087,408.2217,0.789,22.6469,0.8115,0.00222656,22.6606,0.0137
AE_PureConcat,10,6,150,838.88,711.15,900.0,4800,122456896,408.2084,408.208,408.2217,0.5593,22.5482,0.8107,0.00224092,22.6606,0.1124
AE_PureConcat,10,5,150,661.76,575.18,750.0,4800,122456896,408.2079,408.2076,408.2217,0.4412,22.2633,0.8078,0.00229309,22.6606,0.3972
AE_PureConcat,10,4,150,490.24,430.06,600.0,4800,122456896,408.2073,408.2071,408.2217,0.3268,21.4143,0.7965,0.0024992,22.6606,1.2462
AE_PureConcat,10,3,150,321.76,279.88,450.0,4800,122456896,408.2067,408.2066,408.2217,0.2145,19.2385,0.7594,0.00346409,22.6606,3.422
AE_PureConcat,10,2,150,180.32,149.53,300.0,4800,122456896,408.2063,408.2062,408.2217,0.1202,14.6373,0.6576,0.00906668,22.6606,8.0232
AE_PureConcat,15,8,100,798.56,586.75,800.0,3200,81655296,272.1976,272.1969,272.2057,0.5324,20.0508,0.7532,0.00331466,20.0597,0.0089
AE_PureConcat,15,6,100,571.52,461.07,600.0,3200,81655296,272.1969,272.1965,272.2057,0.381,20.0138,0.7527,0.00332854,20.0597,0.0459
AE_PureConcat,15,5,100,455.04,375.98,500.0,3200,81655296,272.1965,272.1962,272.2057,0.3034,19.8971,0.7509,0.00337388,20.0597,0.1626
AE_PureConcat,15,4,100,337.12,281.55,400.0,3200,81655296,272.1961,272.1959,272.2057,0.2247,19.4838,0.7443,0.00356718,20.0597,0.576
AE_PureConcat,15,3,100,223.84,183.18,300.0,3200,81655296,272.1957,272.1956,272.2057,0.1492,18.0366,0.7215,0.00446656,20.0597,2.0232
AE_PureConcat,15,2,100,119.84,91.61,200.0,3200,81655296,272.1954,272.1953,272.2057,0.0799,14.3036,0.652,0.00993917,20.0597,5.7561
AE_PureConcat,20,8,75,572.96,369.33,600.0,2400,61254496,204.1916,204.1909,204.1977,0.382,16.9525,0.6685,0.00572325,16.9545,0.002
AE_PureConcat,20,6,75,412.0,307.04,450.0,2400,61254496,204.191,204.1907,204.1977,0.2747,16.9448,0.6684,0.00573063,16.9545,0.0098
AE_PureConcat,20,5,75,338.08,265.44,375.0,2400,61254496,204.1908,204.1905,204.1977,0.2254,16.9204,0.6678,0.00575474,16.9545,0.0342
AE_PureConcat,20,4,75,266.24,215.04,300.0,2400,61254496,204.1905,204.1904,204.1977,0.1775,16.8208,0.6658,0.0058562,16.9545,0.1337
AE_PureConcat,20,3,75,193.92,158.19,225.0,2400,61254496,204.1903,204.1902,204.1977,0.1293,16.3735,0.6563,0.00633448,16.9545,0.581
AE_PureConcat,20,2,75,129.76,110.12,150.0,2400,61254496,204.1901,204.19,204.1977,0.0865,14.3289,0.6239,0.00968823,16.9545,2.6257
AE_PureConcat,30,8,50,415.36,260.75,400.0,1600,21651648,72.1789,72.1784,72.1828,0.2769,17.5722,0.6899,0.00507947,17.5741,0.0019
AE_PureConcat,30,6,50,302.56,216.4,300.0,1600,21651648,72.1785,72.1782,72.1828,0.2017,17.5617,0.6896,0.00508773,17.5741,0.0124
AE_PureConcat,30,5,50,244.16,179.95,250.0,1600,21651648,72.1783,72.1781,72.1828,0.1628,17.5342,0.6888,0.00511075,17.5741,0.04
AE_PureConcat,30,4,50,182.72,136.41,200.0,1600,21651648,72.1781,72.1779,72.1828,0.1218,17.4028,0.6852,0.0052185,17.5741,0.1713
AE_PureConcat,30,3,50,124.48,89.27,150.0,1600,21651648,72.1779,72.1778,72.1828,0.083,16.8346,0.6729,0.00574185,17.5741,0.7395
AE_PureConcat,30,2,50,73.92,49.26,100.0,1600,21651648,72.1777,72.1777,72.1828,0.0493,14.6082,0.6339,0.00907402,17.5741,2.966
AE_PureConcat,50,8,30,256.0,139.4,240.0,960,24533056,81.7809,81.7805,81.7833,0.1707,16.5543,0.6604,0.00620468,16.5552,0.0008
AE_PureConcat,50,6,30,192.0,120.03,180.0,960,24533056,81.7807,81.7805,81.7833,0.128,16.5431,0.6602,0.0062165,16.5552,0.0121
AE_PureConcat,50,5,30,157.12,101.65,150.0,960,24533056,81.7806,81.7804,81.7833,0.1047,16.5067,0.6595,0.00625559,16.5552,0.0484
AE_PureConcat,50,4,30,121.6,78.3,120.0,960,24533056,81.7805,81.7803,81.7833,0.0811,16.3788,0.6572,0.00640355,16.5552,0.1764
AE_PureConcat,50,3,30,85.76,51.59,90.0,960,24533056,81.7803,81.7802,81.7833,0.0572,15.7822,0.6497,0.00713675,16.5552,0.7729
AE_PureConcat,50,2,30,57.12,27.07,60.0,960,24533056,81.7802,81.7801,81.7833,0.0381,13.6225,0.6218,0.01157885,16.5552,2.9327
AE_PureConcat,60,8,25,223.84,109.87,200.0,800,20452896,68.1797,68.1794,68.1817,0.1492,16.2088,0.6451,0.00662422,16.2099,0.001
AE_PureConcat,60,6,25,160.0,95.91,150.0,800,20452896,68.1795,68.1793,68.1817,0.1067,16.2007,0.6449,0.00663404,16.2099,0.0092
AE_PureConcat,60,5,25,128.32,82.22,125.0,800,20452896,68.1794,68.1793,68.1817,0.0855,16.1706,0.6446,0.00666626,16.2099,0.0393
AE_PureConcat,60,4,25,100.32,63.43,100.0,800,20452896,68.1793,68.1792,68.1817,0.0669,16.0597,0.6428,0.00680488,16.2099,0.1502
AE_PureConcat,60,3,25,71.52,41.75,75.0,800,20452896,68.1792,68.1791,68.1817,0.0477,15.5375,0.6357,0.00750571,16.2099,0.6723
AE_PureConcat,60,2,25,46.08,21.63,50.0,800,20452896,68.1791,68.1791,68.1817,0.0307,13.6602,0.6134,0.01156646,16.2099,2.5497
AE_PureConcat,100,8,15,128.0,56.34,120.0,480,12292576,40.9773,40.977,40.9785,0.0853,15.7079,0.636,0.00734189,15.7082,0.0002
AE_PureConcat,100,6,15,96.0,51.01,90.0,480,12292576,40.9772,40.977,40.9785,0.064,15.7039,0.6358,0.0073473,15.7082,0.0043
AE_PureConcat,100,5,15,95.52,44.38,75.0,480,12292576,40.9772,40.977,40.9785,0.0637,15.6859,0.6355,0.00737082,15.7082,0.0222
AE_PureConcat,100,4,15,64.0,35.46,60.0,480,12292576,40.9771,40.977,40.9785,0.0427,15.6055,0.6327,0.00748113,15.7082,0.1026
AE_PureConcat,100,3,15,60.16,24.21,45.0,480,12292576,40.9771,40.9769,40.9785,0.0401,15.2833,0.6245,0.00795718,15.7082,0.4249
AE_PureConcat,100,2,15,32.0,12.38,30.0,480,12292576,40.977,40.9769,40.9785,0.0213,13.8854,0.607,0.01090393,15.7082,1.8227
