Model,Arm,CR,Actual_CR,Loss_Mode,Lambda_STFT,Lambda_WT,Lambda_NCC,Lambda_Phase_eff,Arrival_Floor_eff,Epochs_Used,Parameter_Count,Model_Size_MB,Latent_Dim,SNR,SNR_std,SNR_median,PSNR,SSIM,MSE,Correlation,MAE
LARA,MSE,2,2.0,mse,0.0,0.0,0.0,0.0,1.0,120,4733755,18.0653,750,39.90328552631816,5.351098704511276,40.987787353340835,46.010925912669656,0.9892170835523327,7.474272766557987e-05,0.9956223293144952,0.004127208447316661
LARA,STFT_Arrival,2,2.0,stft_arrival,0.5,0.0,0.0,0.0,1.0,108,4733755,18.0653,750,33.842719680307226,6.829133186477282,35.38982572219396,39.95035988852243,0.9624668690953613,0.0004127929517244411,0.9713501713358333,0.008691862328560092
LARA,STFT_Phase,2,2.0,stft_phase,0.5,0.0,0.0,0.3,1.0,120,4733755,18.0653,750,28.907378420111854,7.011614229152694,29.945978130806857,35.01501856816724,0.9136214801707109,0.0010572020547078864,0.9231240450688821,0.014738603371661156
LARA,STFT_Wavelet,2,2.0,stft_wt,0.5,0.2,0.0,0.0,1.0,86,4733755,18.0653,750,35.594481793060396,6.575716175859319,36.920975755165806,41.702122034777965,0.9750803751720971,0.0002787766930123325,0.9816768095878027,0.007062781132990494
LARA,STFT_Phase_Arrival,2,2.0,stft_phase_arrival,0.5,0.0,0.0,0.3,1.0,120,4733755,18.0653,750,29.53405530406477,6.59691627331797,30.878213452317176,35.64169545246629,0.9292248631252997,0.0008615619643478567,0.9391867910193167,0.013572018262930214
LARA,STFT,2,2.0,stft,0.5,0.0,0.0,0.0,1.0,120,4733755,18.0653,750,33.420538297722786,6.998747801255312,34.858141722563204,39.52817850108161,0.9585840758427214,0.0004694984128173019,0.9669040764025215,0.009132186470087617
LARA,NCC_Arrival,2,2.0,ncc_arrival,0.0,0.0,0.3,0.0,1.0,90,4733755,18.0653,750,39.451304830099396,5.20113926241559,40.75250977630786,45.55894518251911,0.9895927214729887,8.122412933062151e-05,0.9956775552556243,0.004194225664250552
LARA,MSE,3,3.0,mse,0.0,0.0,0.0,0.0,1.0,86,3229505,12.327,500,35.953886492089765,6.895856019156364,36.74513726454113,42.06152676980928,0.9702758811183293,0.00023704869348648572,0.9846408535201544,0.007011795322760008
LARA,STFT_Arrival,3,3.0,stft_arrival,0.5,0.0,0.0,0.0,1.020408,91,3229505,12.327,500,32.24487837732172,7.289948561597837,33.87181447651712,38.35251856589266,0.9466668853705863,0.000605186604238952,0.9567542815502589,0.01054312265943736
LARA,STFT_Phase,3,3.0,stft_phase,0.5,0.0,0.0,0.306122,1.0,120,3229505,12.327,500,28.257717166340523,6.974079754763853,28.90972517411963,34.36535731058139,0.9031424569108373,0.0011720897411487386,0.9151646800638393,0.015601351449731737
LARA,STFT_Wavelet,3,3.0,stft_wt,0.5,0.2,0.0,0.0,1.0,101,3229505,12.327,500,34.17022224054281,7.6110220350262106,35.84158716730721,40.27786247896374,0.9601325664047584,0.0004552024808913302,0.968179764552592,0.008624557801522315
LARA,STFT_Phase_Arrival,3,3.0,stft_phase_arrival,0.5,0.0,0.0,0.306122,1.020408,120,3229505,12.327,500,28.868671657314064,6.920500934373723,29.923106440512367,34.97631180450315,0.9135312154035324,0.0010379798336634849,0.9232713167516654,0.014707530344603583
LARA,STFT,3,3.0,stft,0.5,0.0,0.0,0.0,1.0,97,3229505,12.327,500,31.91520721168782,7.106953470598026,33.53639895893615,38.02284739245453,0.9455772400490878,0.0006189603925486154,0.9560239596131501,0.01078357790131122
LARA,NCC_Arrival,3,3.0,ncc_arrival,0.0,0.0,0.3,0.0,1.020408,76,3229505,12.327,500,35.728760360048526,6.210902585164254,36.58603990492371,41.836400603580984,0.9758672925632382,0.00021597492065893674,0.9866367498567188,0.006869546301895752
LARA,MSE,5,5.0,mse,0.0,0.0,0.0,0.0,1.0,29,2026105,7.7364,300,27.973912221158315,4.945505728060073,28.82713175149905,34.08155235193466,0.9221364503489756,0.0007665742065910309,0.9474351584894837,0.015414883261546492
LARA,STFT_Arrival,5,5.0,stft_arrival,0.5,0.0,0.0,0.0,1.061224,82,2026105,7.7364,300,27.508161884061504,6.976993351585238,27.59457340401083,33.615802026281415,0.8889659063663631,0.00132398620310596,0.9048666429528385,0.016853237893665208
LARA,STFT_Phase,5,5.0,stft_phase,0.5,0.0,0.0,0.318367,1.0,120,2026105,7.7364,300,25.94103769454291,6.473698295972748,26.328212343580837,32.04867782515825,0.8665164748496756,0.0016657920820216533,0.8802509916433854,0.01927537513198331
LARA,STFT_Wavelet,5,5.0,stft_wt,0.5,0.2,0.0,0.0,1.0,93,2026105,7.7364,300,29.183819277253605,7.247558345755704,29.680554392569967,35.291459433381995,0.9152670414494662,0.001011947185261306,0.928419711535884,0.014466584294568747
LARA,STFT_Phase_Arrival,5,5.0,stft_phase_arrival,0.5,0.0,0.0,0.318367,1.061224,120,2026105,7.7364,300,25.874824404496117,6.436709875593188,26.037366240546795,31.98246453496358,0.8637737483082115,0.0016577728092306643,0.879882954080345,0.019149718097178265
LARA,STFT,5,5.0,stft,0.5,0.0,0.0,0.0,1.0,89,2026105,7.7364,300,27.08718174047351,6.959630168298351,27.137484153155953,33.19482188079066,0.8810471720415092,0.0014251419064385117,0.8972577151695953,0.017487437829840927
LARA,NCC_Arrival,5,5.0,ncc_arrival,0.0,0.0,0.3,0.0,1.061224,58,2026105,7.7364,300,30.28678623877933,6.105987862480385,31.37124972705361,36.39442639130413,0.9369816799846538,0.0006275330231528642,0.9603186813177412,0.012598958201706409
LARA,MSE,10,10.0,mse,0.0,0.0,0.0,0.0,1.0,52,2049011,7.824,150,23.431949455853456,4.821189009746351,23.184470466300787,29.53958957596495,0.822061007897222,0.0018484262678066443,0.8704284101151409,0.023725455121602863
LARA,STFT_Arrival,10,10.0,stft_arrival,0.5,0.0,0.0,0.0,1.163265,59,2049011,7.824,150,20.164575755834996,4.524765379425846,19.71005634814452,26.272215871855177,0.7388103519362558,0.0036741718362100074,0.7419285489372476,0.03185638589784503
LARA,STFT_Phase,10,10.0,stft_phase,0.5,0.0,0.0,0.34898,1.0,120,2049011,7.824,150,19.475587686106785,4.320919494311089,19.20397392431525,25.583227801549636,0.7206002953200448,0.004080755780123581,0.709704640313833,0.03348004716914147
LARA,STFT_Wavelet,10,10.0,stft_wt,0.5,0.2,0.0,0.0,1.0,61,2049011,7.824,150,21.251241392699384,5.115648270556781,20.82151377492538,27.35888151049802,0.7746968792223603,0.0031420976070148754,0.7754762045823747,0.028556976488325746
LARA,STFT_Phase_Arrival,10,10.0,stft_phase_arrival,0.5,0.0,0.0,0.34898,1.163265,114,2049011,7.824,150,19.870910164072278,4.439139296711812,19.658002008837734,25.978550279903935,0.7312866877821648,0.003812106955156196,0.7265096904746726,0.0323197875614278
LARA,STFT,10,10.0,stft,0.5,0.0,0.0,0.0,1.0,52,2049011,7.824,150,19.39630291234937,4.266727049424597,19.082257166363412,25.503943027684528,0.7185067281356882,0.00416809831847786,0.70505473444042,0.03396498451009393
LARA,NCC_Arrival,10,10.0,ncc_arrival,0.0,0.0,0.3,0.0,1.163265,50,2049011,7.824,150,23.339686498786,4.7370616348484775,23.033748057214652,29.447326618336287,0.8263052820937926,0.0018816308824898442,0.8738079272916363,0.02427548615494743
LARA,MSE,15,15.0,mse,0.0,0.0,0.0,0.0,1.0,43,1447361,5.5289,100,20.65405430369316,3.8471373179130217,20.36235715634375,26.76169441950947,0.7582622602609268,0.0029129766950791234,0.7905229698957822,0.030530213778838515
LARA,STFT_Arrival,15,15.0,stft_arrival,0.5,0.0,0.0,0.0,1.265306,57,1447361,5.5289,100,17.230811377415822,3.558614621319205,16.77015017448948,23.33845149154658,0.6587046482562269,0.005961024635398644,0.567159994908603,0.041690835976041854
LARA,STFT_Phase,15,15.0,stft_phase,0.5,0.0,0.0,0.379592,1.0,119,1447361,5.5289,100,16.683187398823538,3.4261374874306534,16.368989696973443,22.790827512818932,0.6414057266477639,0.006634820276376558,0.5178848151527907,0.04349083048291504
LARA,STFT_Wavelet,15,15.0,stft_wt,0.5,0.2,0.0,0.0,1.0,57,1447361,5.5289,100,17.913211518713705,3.9036712710458685,17.492051246284007,24.02085163319189,0.6935725491339193,0.0053526040314318376,0.6085687144386018,0.0382126682670787
LARA,STFT_Phase_Arrival,15,15.0,stft_phase_arrival,0.5,0.0,0.0,0.379592,1.265306,96,1447361,5.5289,100,16.919340016583618,3.4846418541278883,16.49710684847389,23.026980130646248,0.6494952232698029,0.006324397914213477,0.5345016425278512,0.0424079422513023
LARA,STFT,15,15.0,stft,0.5,0.0,0.0,0.0,1.0,56,1447361,5.5289,100,16.570713142160468,3.3199901947631205,16.204815730697852,22.678353256056408,0.6400929970351729,0.006727902888742392,0.509425254613038,0.043969962769187985
LARA,NCC_Arrival,15,15.0,ncc_arrival,0.0,0.0,0.3,0.0,1.265306,45,1447361,5.5289,100,20.595200263778953,3.8306796114610937,20.477246694113084,26.702840379504586,0.7605424177262157,0.002963282006094232,0.7947829317773124,0.031540405680425466
LARA,MSE,20,20.0,mse,0.0,0.0,0.0,0.0,1.0,62,1146536,4.3814,75,19.370511852751697,3.4534664099550594,19.11942851082769,25.478151967604898,0.7240781107125575,0.0036852887721033766,0.7341143959792618,0.03467477195896208
LARA,STFT_Arrival,20,20.0,stft_arrival,0.5,0.0,0.0,0.0,1.367347,62,1146536,4.3814,75,15.746408005569831,3.1741139032215777,15.519116438308872,21.85404811922003,0.6195193280600952,0.00798658403553418,0.43468439762369454,0.047964390143752096
LARA,STFT_Phase,20,20.0,stft_phase,0.5,0.0,0.0,0.410204,1.0,120,1146536,4.3814,75,15.169980357953525,2.978040002195369,14.881348497607238,21.277620471484216,0.6074041427106265,0.008989960477920248,0.37263069945588717,0.050383348665200174
LARA,STFT_Wavelet,20,20.0,stft_wt,0.5,0.2,0.0,0.0,1.0,47,1146536,4.3814,75,15.88996173627966,3.2587059619673933,15.469848316049077,21.99760185000662,0.6334399043319606,0.007845513158390532,0.44365929139142324,0.046755348201841115
LARA,STFT_Phase_Arrival,20,20.0,stft_phase_arrival,0.5,0.0,0.0,0.410204,1.367347,120,1146536,4.3814,75,15.829404445358632,3.1987021715761554,15.614274358315551,21.937044559053884,0.619233548172371,0.007911378631106344,0.43770986811712226,0.04753832404967397
LARA,STFT,20,20.0,stft,0.5,0.0,0.0,0.0,1.0,59,1146536,4.3814,75,14.719317913561051,2.7954365508060883,14.40871853296866,20.82695802697457,0.5971212893588452,0.00975046023086179,0.3140701733086126,0.052787367487326264
LARA,NCC_Arrival,20,20.0,ncc_arrival,0.0,0.0,0.3,0.0,1.367347,45,1146536,4.3814,75,19.329581534036464,3.389650861073389,19.09117555599184,25.437221648857996,0.7299637124976901,0.003714427974773571,0.7384325100148392,0.03555630911607295
LARA,MSE,30,30.0,mse,0.0,0.0,0.0,0.0,1.0,64,845711,3.2338,50,18.105904887510523,3.180837777574266,17.64812533929102,24.2135450017619,0.6894837082262234,0.004722960822109598,0.6430803285151662,0.039164243210107086
LARA,STFT_Arrival,30,30.0,stft_arrival,0.5,0.0,0.0,0.0,1.571429,52,845711,3.2338,50,13.32095857680722,2.4426738520147677,13.175675626286164,19.42859869002111,0.5682833233969063,0.012906291771796531,0.07956380812186774,0.06150377064011991
LARA,STFT_Phase,30,30.0,stft_phase,0.5,0.0,0.0,0.471429,1.0,98,845711,3.2338,50,12.95315215218852,2.527575933220868,12.786190120464578,19.060792265370864,0.5604947431470648,0.014123993114917539,0.0200545268698436,0.06409315565600991
LARA,STFT_Wavelet,30,30.0,stft_wt,0.5,0.2,0.0,0.0,1.0,52,845711,3.2338,50,13.2540872310653,2.4912299017123063,13.079556343680405,19.361727344276968,0.5860971467615017,0.013205991861759685,0.062459417057492084,0.060763301271945236
LARA,STFT_Phase_Arrival,30,30.0,stft_phase_arrival,0.5,0.0,0.0,0.471429,1.571429,78,845711,3.2338,50,13.100068190273173,2.499795141667057,12.97876815429796,19.207708303469236,0.5638861816784035,0.013646115080919117,0.03482997644676631,0.06289272481575608
LARA,STFT,30,30.0,stft,0.5,0.0,0.0,0.0,1.0,67,845711,3.2338,50,12.904641485761802,2.4386909439410376,12.698837963122859,19.012281598937076,0.5610409647999177,0.01425200122059323,0.023692433138504852,0.06407212286256253
LARA,NCC_Arrival,30,30.0,ncc_arrival,0.0,0.0,0.3,0.0,1.571429,41,845711,3.2338,50,17.910122736176728,3.0337774152280472,17.44879691368992,24.01776285033345,0.6936205555670021,0.004862250936275814,0.645614801581957,0.04131953086238355
LARA,MSE,50,50.0,mse,0.0,0.0,0.0,0.0,1.0,106,771547,2.9568,30,16.822433695053988,2.598933641710159,16.527528200885417,22.93007380883089,0.6744968551426481,0.005870036084670574,0.5022837211194482,0.0420206342684105
LARA,STFT_Arrival,50,50.0,stft_arrival,0.5,0.0,0.0,0.0,1.979592,58,771547,2.9568,30,13.250459052415435,2.430465531971312,12.762714405260297,19.358099165623184,0.5660382707696361,0.013131208653794602,0.04270203108287483,0.06221597120165825
LARA,STFT_Phase,50,50.0,stft_phase,0.5,0.0,0.0,0.593878,1.0,86,771547,2.9568,30,13.00237097848417,2.4435187762139043,12.63180549162457,19.110011091670316,0.5533990297542439,0.013921620639739557,0.018070963928751002,0.06428326115943492
LARA,STFT_Wavelet,50,50.0,stft_wt,0.5,0.2,0.0,0.0,1.0,79,771547,2.9568,30,12.967479002829851,2.487670639394437,12.607504659781444,19.07511911601564,0.5716724573466966,0.014135774843744002,0.028365035888931685,0.06338130684569478
LARA,STFT_Phase_Arrival,50,50.0,stft_phase_arrival,0.5,0.0,0.0,0.593878,1.979592,120,771547,2.9568,30,13.094340984086825,2.4061236365526484,12.769529787661856,19.2019810972808,0.5571517059483586,0.01363240972859785,0.026765503637843933,0.06343423351645469
LARA,STFT,50,50.0,stft,0.5,0.0,0.0,0.0,1.0,52,771547,2.9568,30,12.969603230541138,2.4241933679497425,12.679052856521142,19.07724334372063,0.5608766224316525,0.013998539363965392,0.02607793820942659,0.06426131380721926
LARA,NCC_Arrival,50,50.0,ncc_arrival,0.0,0.0,0.3,0.0,1.979592,68,771547,2.9568,30,17.00370661793524,2.851123522543176,16.4037712075625,23.111346731805938,0.6699089004973415,0.0058254167370614595,0.5677354686633435,0.04566375474445522
LARA,MSE,60,60.0,mse,0.0,0.0,0.0,0.0,1.0,74,741462,2.842,25,16.6064477188534,2.5962961516930534,16.36826550153222,22.71408783258058,0.6651428620940533,0.006160985627211631,0.46615997352331645,0.04300504496786743
LARA,STFT_Arrival,60,60.0,stft_arrival,0.5,0.0,0.0,0.0,2.183673,80,741462,2.842,25,13.169088958211864,2.369808252937591,12.894868890601284,19.276729071409466,0.5665369970203621,0.013268771284492687,0.04652496691616899,0.06246538681909442
LARA,STFT_Phase,60,60.0,stft_phase,0.5,0.0,0.0,0.655102,1.0,120,741462,2.842,25,12.985786662026214,2.4164684200838575,12.73070333385669,19.093426775210336,0.5596277709186349,0.013952492293319664,0.009752149406626564,0.06403831431642175
LARA,STFT_Wavelet,60,60.0,stft_wt,0.5,0.2,0.0,0.0,1.0,68,741462,2.842,25,13.088493799084793,2.492347322323269,12.812844146993067,19.196133912283795,0.5750670973388373,0.01372870289545972,0.03668290565391545,0.06264254190027714
LARA,STFT_Phase_Arrival,60,60.0,stft_phase_arrival,0.5,0.0,0.0,0.655102,2.183673,120,741462,2.842,25,13.193793283089283,2.3485184130038443,12.886214080519782,19.301433396288964,0.5601857728748164,0.013179626507335342,0.029541971171743068,0.06254794623702764
LARA,STFT,60,60.0,stft,0.5,0.0,0.0,0.0,1.0,65,741462,2.842,25,12.997850163161548,2.4111043536277452,12.76811501963517,19.10549027634857,0.559581198043824,0.013869653504225426,0.02718654225712763,0.0639880086388439
LARA,NCC_Arrival,60,60.0,ncc_arrival,0.0,0.0,0.3,0.0,2.183673,66,741462,2.842,25,16.56553122625123,2.7168564216696978,16.144049960562576,22.67317133998543,0.6640648569498542,0.006280539382714778,0.5196544007369377,0.04801173098850995
LARA,MSE,100,100.0,mse,0.0,0.0,0.0,0.0,1.0,64,681292,2.6125,15,15.928705831243267,2.4433474139354194,15.612859150815552,22.036345944815004,0.6504647396556793,0.007069466119864956,0.32809091476431385,0.04521787330508232
LARA,STFT_Arrival,100,100.0,stft_arrival,0.5,0.0,0.0,0.0,3.0,40,681292,2.6125,15,13.104175173169603,2.299052288671234,12.822024788498325,19.21181528635774,0.5564376008907168,0.013370478961151093,0.006403334410701925,0.06342522691935301
LARA,STFT_Phase,100,100.0,stft_phase,0.5,0.0,0.0,0.9,1.0,120,681292,2.6125,15,13.021508385687438,2.448394879173458,12.701658123609253,19.129148498875917,0.5475445952172566,0.013841453604400158,0.016064570674799286,0.06439039004966617
LARA,STFT_Wavelet,100,100.0,stft_wt,0.5,0.2,0.0,0.0,1.0,58,681292,2.6125,15,13.083147110317755,2.4285997109727346,12.733694837745297,19.19078722351029,0.5730016698170958,0.013554771664203144,0.011306522885838442,0.062440459104254845
LARA,STFT_Phase_Arrival,100,100.0,stft_phase_arrival,0.5,0.0,0.0,0.9,3.0,120,681292,2.6125,15,13.268363240700417,2.3726226864848408,12.980141781596156,19.376003353908118,0.5490988849687688,0.012986425305716693,0.042409813972858916,0.06295759069733321
LARA,STFT,100,100.0,stft,0.5,0.0,0.0,0.0,1.0,58,681292,2.6125,15,12.917565318918664,2.3746831820388317,12.776701106255317,19.02520543208947,0.5553859374827497,0.013981708354549482,-0.006278692844772136,0.06427433687262236
LARA,NCC_Arrival,100,100.0,ncc_arrival,0.0,0.0,0.3,0.0,3.0,74,681292,2.6125,15,16.375415302150955,2.772978318757713,15.996976077766831,22.483055415860107,0.6521095693650177,0.006685964856878854,0.47219144310160194,0.04792548005934805
