Arm,CR,dSNR,dPSNR,dSSIM,dMSE,dCorrelation
NCC_Arrival,2,-0.4519806962187616,-0.4519807301505452,0.0003756379206559801,6.481401665041635e-06,5.5225941129055656e-05
NCC_Arrival,3,-0.22512613204123966,-0.22512616622829285,0.005591411444908934,-2.107377282754898e-05,0.0019958963365643845
NCC_Arrival,5,2.3128740176210165,2.3128740393694684,0.014845229635678137,-0.0001390411834381667,0.012883522828257554
NCC_Arrival,10,-0.09226295706745447,-0.09226295762866243,0.0042442741965705855,3.320461468319996e-05,0.003379517176495317
NCC_Arrival,15,-0.05885403991420901,-0.05885404000488492,0.002280157465288868,5.030531101510869e-05,0.0042599618815302165
NCC_Arrival,20,-0.04093031871523323,-0.04093031874690212,0.005885601785132644,2.9139202670194504e-05,0.004318114035577469
NCC_Arrival,30,-0.19578215133379473,-0.19578215142844968,0.004136847340778682,0.0001392901141662158,0.0025344730667908877
NCC_Arrival,50,0.18127292288125219,0.18127292297504738,-0.004587954645306591,-4.461934760911432e-05,0.06545174754389527
NCC_Arrival,60,-0.04091649260216812,-0.04091649259515151,-0.00107800514419909,0.00011955375550314756,0.05349442721362124
NCC_Arrival,100,0.4467094709076882,0.4467094710451036,0.0016448297093384356,-0.0003835012629861013,0.1441005283372881
STFT,2,-6.482747228595372,-6.4827474115880435,-0.030633007709611304,0.00039475568515172203,-0.02871825291197372
STFT,3,-4.038679280401944,-4.038679377354747,-0.024698641069241467,0.00038191169906212966,-0.02861689390700428
STFT,5,-0.886730480684804,-0.8867304711439985,-0.04108927830746645,0.0006585676998474808,-0.05017744331988838
STFT,10,-4.035646543504086,-4.035646548280422,-0.10355427976153386,0.0023196720506712155,-0.16537367567472094
STFT,15,-4.083341161532694,-4.083341163453063,-0.11816926322575394,0.0038149261936632687,-0.2810977152827442
STFT,20,-4.651193939190646,-4.651193940630328,-0.12695682135371222,0.006065171458758414,-0.42004422267064917
STFT,30,-5.2012634017487205,-5.201263402824825,-0.12844274342630568,0.00952904039848363,-0.6193878953766613
STFT,50,-3.8528304645128504,-3.8528304651102587,-0.11362023271099564,0.008128503279294819,-0.4762057829100216
STFT,60,-3.6085975556918513,-3.608597556232013,-0.10556166405022926,0.0077086678770137956,-0.4389734312661888
STFT,100,-3.0111405123246033,-3.0111405127255324,-0.09507880217292963,0.006912242234684527,-0.33436960760908596
STFT_Arrival,2,-6.060565846010931,-6.060566024147228,-0.026750214456971455,0.0003380502240588612,-0.02427215797866189
STFT_Arrival,3,-3.7090081147680465,-3.7090082039166177,-0.023608995747743,0.0003681379107524663,-0.027886571969895524
STFT_Arrival,5,-0.4657503370968108,-0.4657503256532465,-0.033170543982612544,0.0005574119965149292,-0.0425685155366452
STFT_Arrival,10,-3.26737370001846,-3.2673737041097723,-0.08325065596096626,0.0018257455684033632,-0.12849986117789336
STFT_Arrival,15,-3.4232429262773394,-3.4232429279628924,-0.09955761200469992,0.0030480479403195205,-0.22336297498717916
STFT_Arrival,20,-3.624103847181866,-3.624103848384866,-0.10455878265246221,0.004301295263430803,-0.2994299983555672
STFT_Arrival,30,-4.784946310703303,-4.784946311740789,-0.12120038482931705,0.008183330949686932,-0.5635165203932985
STFT_Arrival,50,-3.571974642638553,-3.5719746432077066,-0.10845858437301203,0.007261172569124028,-0.45958169003657334
STFT_Arrival,60,-3.4373587606415352,-3.437358761171115,-0.09860586507369118,0.007107785657281056,-0.4196350066071475
STFT_Arrival,100,-2.824530658073664,-2.824530658457263,-0.09402713876496249,0.006301012841286137,-0.32168758035361195
STFT_Phase,2,-10.995907106206303,-10.995907344502413,-0.07559560338162186,0.0009824593270423064,-0.07249828424561311
STFT_Phase,3,-7.696169325749242,-7.696169459227889,-0.06713342420749202,0.0009350410476622529,-0.06947617345631507
STFT_Phase,5,-2.032874526615405,-2.0328745267764106,-0.05561997549929998,0.0008992178754306224,-0.06718416684609829
STFT_Phase,10,-3.956361769746671,-3.9563617744153134,-0.10146071257717726,0.002232329512316937,-0.16072376980130798
STFT_Phase,15,-3.9708669048696237,-3.9708669066905387,-0.11685653361316295,0.003721843581297435,-0.27263815474299147
STFT_Phase,20,-4.200531494798172,-4.200531496120682,-0.11667396800193097,0.005304671705816872,-0.3614836965233746
STFT_Phase,30,-5.152752735322002,-5.152752736391037,-0.12898896507915858,0.009401032292807941,-0.6230258016453226
STFT_Phase,50,-3.8200627165698187,-3.8200627171605746,-0.12109782538840419,0.008051584555068984,-0.4842127571906972
STFT_Phase,60,-3.620661056827185,-3.6206610573702456,-0.10551509117541835,0.0077915066661080334,-0.4564078241166899
STFT_Phase,100,-2.9071974455558287,-2.9071974459390866,-0.10292014443842268,0.006771987484535203,-0.3120263440895146
STFT_Phase_Arrival,2,-10.369230222253389,-10.369230460203369,-0.059992220427033005,0.0007868192366822769,-0.056435538295178556
STFT_Phase_Arrival,3,-7.085214834775702,-7.085214965306129,-0.05674466571479686,0.0008009311401769992,-0.061369536768489
STFT_Phase_Arrival,5,-2.0990878166621982,-2.099087816971082,-0.0583627020407641,0.0008911986026396335,-0.06755220440913867
STFT_Phase_Arrival,10,-3.561039291781178,-3.561039296061015,-0.09077432011505726,0.0019636806873495516,-0.14391871964046832
STFT_Phase_Arrival,15,-3.7347142871095436,-3.7347142888632234,-0.10876703699112389,0.003411421219134354,-0.25602132736793104
STFT_Phase_Arrival,20,-3.5411074073930653,-3.5411074085510137,-0.10484456254018648,0.004226089859002968,-0.2964045278621395
STFT_Phase_Arrival,30,-5.005836697237349,-5.005836698292665,-0.12559752654781986,0.008923154258809518,-0.6082503520683998
STFT_Phase_Arrival,50,-3.7280927109671627,-3.72809271155009,-0.11734514919428951,0.0077623736439272764,-0.4755182174816043
STFT_Phase_Arrival,60,-3.412654435764116,-3.412654436291618,-0.10495708921923685,0.007018640880123711,-0.4366180023515734
STFT_Phase_Arrival,100,-2.66034259054285,-2.660342590906886,-0.1013658546869105,0.005916959185851737,-0.2856811007914549
STFT_Wavelet,2,-4.308803733257761,-4.308803877891691,-0.014136708380235619,0.00020403396534675265,-0.013945519726692557
STFT_Wavelet,3,-1.783664251546952,-1.783664290845536,-0.010143314713570883,0.0002181537874048445,-0.016461088967562376
STFT_Wavelet,5,1.2099070560952896,1.2099070814473336,-0.006869408899509377,0.00024537297867027524,-0.01901544695359969
STFT_Wavelet,10,-2.1807080631540714,-2.1807080654669306,-0.04736412867486173,0.001293671339208231,-0.09495220553276629
STFT_Wavelet,15,-2.7408427849794563,-2.7408427863175824,-0.0646897111270075,0.002439627336352714,-0.18195425545718036
STFT_Wavelet,20,-3.4805501164720365,-3.480550117598277,-0.09063820638059683,0.004160224386287156,-0.2904551045878385
STFT_Wavelet,30,-4.851817656445222,-4.851817657484933,-0.1033865614647217,0.008483031039650087,-0.5806209114576741
STFT_Wavelet,50,-3.854954692224137,-3.8549546928152516,-0.10282439779595154,0.008265738759073427,-0.4739186852305165
STFT_Wavelet,60,-3.5179539197686065,-3.5179539202967867,-0.09007576475521595,0.0075677172682480885,-0.429477067869401
STFT_Wavelet,100,-2.8455587209255118,-2.8455587213047124,-0.07746306983858353,0.0064853055443381885,-0.3167843918784754
