Model,Arm,CR,Actual_CR,Loss_Mode,Lambda_STFT,Lambda_WT,Lambda_Phase_eff,Arrival_Floor_eff,Epochs_Used,Parameter_Count,Model_Size_MB,SNR,PSNR,SSIM,MSE,Correlation,MAE,PickErr_samples,PolarityMatch
LightCapacityResidual,MSE,2,2.0,mse,0.0,0.0,0.0,1.0,60,4633063,17.679,24.08984,30.07507,0.87086,0.00128,0.91931,0.02189,44.36,1.0
LightCapacityResidual,STFT_Arrival,2,2.0,stft_arrival,0.5,0.0,0.0,1.0,101,4633063,17.679,18.97111,24.95634,0.72938,0.00388,0.74363,0.03685,94.545,1.0
LightCapacityResidual,STFT_Phase,2,2.0,stft_phase,0.5,0.0,0.3,1.0,117,4633063,17.679,15.77575,21.76098,0.62347,0.00763,0.48572,0.05025,114.715,1.0
LightCapacityResidual,STFT_Wavelet,2,2.0,stft_wt,0.5,0.2,0.0,1.0,88,4633063,17.679,21.30232,27.28755,0.80715,0.00242,0.84284,0.02881,68.48,1.0
LightCapacityResidual,STFT_Phase_Arrival,2,2.0,stft_phase_arrival,0.5,0.0,0.3,1.0,120,4633063,17.679,18.31458,24.29981,0.70827,0.00452,0.69869,0.03918,90.41,1.0
LightCapacityResidual,STFT,2,2.0,stft,0.5,0.0,0.0,1.0,29,4633063,17.679,14.06485,20.05008,0.57291,0.01104,0.24306,0.05981,122.58,1.0
LightCapacityResidual,NCC_Arrival,2,2.0,ncc_arrival,0.0,0.0,0.0,1.0,120,4633063,17.679,25.44658,31.43181,0.90431,0.00094,0.94614,0.01881,45.215,1.0
LightCapacityResidual,MSE,5,5.0,mse,0.0,0.0,0.0,1.0,94,1925413,7.35,24.83753,30.82276,0.87586,0.00116,0.92426,0.02002,37.92,1.0
LightCapacityResidual,STFT_Arrival,5,5.0,stft_arrival,0.5,0.0,0.0,1.0612,120,1925413,7.35,17.47257,23.4578,0.68439,0.00525,0.65354,0.04253,94.835,1.0
LightCapacityResidual,STFT_Phase,5,5.0,stft_phase,0.5,0.0,0.3184,1.0,48,1925413,7.35,13.28744,19.27267,0.55079,0.01317,0.0958,0.06496,134.595,1.0
LightCapacityResidual,STFT_Wavelet,5,5.0,stft_wt,0.5,0.2,0.0,1.0,111,1925413,7.35,19.39796,25.38318,0.75137,0.00356,0.76704,0.03494,84.95,1.0
LightCapacityResidual,STFT_Phase_Arrival,5,5.0,stft_phase_arrival,0.5,0.0,0.3184,1.0612,82,1925413,7.35,14.13529,20.12052,0.57984,0.01091,0.23003,0.05866,133.15,1.0
LightCapacityResidual,STFT,5,5.0,stft,0.5,0.0,0.0,1.0,22,1925413,7.35,13.04886,19.03409,0.54307,0.01388,0.0674,0.06649,131.87,1.0
LightCapacityResidual,NCC_Arrival,5,5.0,ncc_arrival,0.0,0.0,0.0,1.0612,117,1925413,7.35,24.61635,30.60158,0.87688,0.0012,0.92716,0.02067,44.945,1.0
LightCapacityResidual,MSE,10,10.0,mse,0.0,0.0,0.0,1.0,60,841603,3.216,20.63559,26.62082,0.75547,0.0027,0.81361,0.031,55.0,1.0
LightCapacityResidual,STFT_Arrival,10,10.0,stft_arrival,0.5,0.0,0.0,1.1633,55,841603,3.216,13.88412,19.86935,0.56963,0.01161,0.2126,0.0605,121.04,1.0
LightCapacityResidual,STFT_Phase,10,10.0,stft_phase,0.5,0.0,0.349,1.0,109,841603,3.216,13.04045,19.02568,0.55592,0.01414,0.03391,0.06618,140.455,1.0
LightCapacityResidual,STFT_Wavelet,10,10.0,stft_wt,0.5,0.2,0.0,1.0,35,841603,3.216,13.57332,19.55855,0.57145,0.01241,0.11266,0.06195,148.71,1.0
LightCapacityResidual,STFT_Phase_Arrival,10,10.0,stft_phase_arrival,0.5,0.0,0.349,1.1633,120,841603,3.216,13.08102,19.06625,0.56123,0.014,0.0478,0.06621,128.58,1.0
LightCapacityResidual,STFT,10,10.0,stft,0.5,0.0,0.0,1.0,34,841603,3.216,13.09203,19.07726,0.55111,0.01385,0.07477,0.06603,132.23,1.0
LightCapacityResidual,NCC_Arrival,10,10.0,ncc_arrival,0.0,0.0,0.0,1.1633,109,841603,3.216,21.26666,27.25189,0.78027,0.00248,0.83949,0.02944,60.005,1.0
LightCapacityResidual,MSE,20,20.0,mse,0.0,0.0,0.0,1.0,120,302076,1.158,18.07381,24.05904,0.68542,0.00462,0.65806,0.03949,131.225,1.0
LightCapacityResidual,STFT_Arrival,20,20.0,stft_arrival,0.5,0.0,0.0,1.3673,69,302076,1.158,13.01474,18.99997,0.55778,0.01418,0.03079,0.06612,123.085,1.0
LightCapacityResidual,STFT_Phase,20,20.0,stft_phase,0.5,0.0,0.4102,1.0,116,302076,1.158,12.9718,18.95703,0.56536,0.01434,0.00602,0.06666,134.09,1.0
LightCapacityResidual,STFT_Wavelet,20,20.0,stft_wt,0.5,0.2,0.0,1.0,84,302076,1.158,13.08838,19.07361,0.57428,0.01378,0.04627,0.0641,114.05,1.0
LightCapacityResidual,STFT_Phase_Arrival,20,20.0,stft_phase_arrival,0.5,0.0,0.4102,1.3673,102,302076,1.158,13.05091,19.03613,0.5633,0.01392,0.00858,0.06661,128.69,1.0
LightCapacityResidual,STFT,20,20.0,stft,0.5,0.0,0.0,1.0,69,302076,1.158,12.92419,18.90942,0.56003,0.01447,0.02063,0.06633,123.275,1.0
LightCapacityResidual,NCC_Arrival,20,20.0,ncc_arrival,0.0,0.0,0.0,1.3673,120,302076,1.158,18.02367,24.0089,0.69376,0.00473,0.66417,0.04025,134.11,1.0
LightCapacityResidual,MSE,50,50.0,mse,0.0,0.0,0.0,1.0,120,499795,1.919,15.85604,21.84127,0.63989,0.00728,0.37044,0.04771,203.125,1.0
LightCapacityResidual,STFT_Arrival,50,50.0,stft_arrival,0.5,0.0,0.0,1.9796,84,499795,1.919,13.01531,19.00054,0.58657,0.01412,-0.00351,0.06412,129.055,1.0
LightCapacityResidual,STFT_Phase,50,50.0,stft_phase,0.5,0.0,0.5939,1.0,46,499795,1.919,14.19618,20.18141,0.59855,0.01039,-0.00209,0.06333,314.58,1.0
LightCapacityResidual,STFT_Wavelet,50,50.0,stft_wt,0.5,0.2,0.0,1.0,69,499795,1.919,13.0181,19.00333,0.59253,0.01416,0.00147,0.06379,120.2,1.0
LightCapacityResidual,STFT_Phase_Arrival,50,50.0,stft_phase_arrival,0.5,0.0,0.5939,1.9796,89,499795,1.919,14.45353,20.43876,0.60877,0.0098,0.00411,0.06023,266.965,1.0
LightCapacityResidual,STFT,50,50.0,stft,0.5,0.0,0.0,1.0,89,499795,1.919,12.87726,18.86249,0.58202,0.01457,-0.00137,0.0652,117.245,1.0
LightCapacityResidual,NCC_Arrival,50,50.0,ncc_arrival,0.0,0.0,0.0,1.9796,53,499795,1.919,14.84828,20.83351,0.62122,0.00907,0.22143,0.05804,209.16,1.0
LightCapacityResidual,MSE,100,100.0,mse,0.0,0.0,0.0,1.0,41,477940,1.835,15.0239,21.00912,0.62984,0.00879,0.05295,0.05156,384.315,1.0
LightCapacityResidual,STFT_Arrival,100,100.0,stft_arrival,0.5,0.0,0.0,3.0,107,477940,1.835,13.20502,19.19025,0.5887,0.0135,0.01283,0.0635,153.56,1.0
LightCapacityResidual,STFT_Phase,100,100.0,stft_phase,0.5,0.0,0.9,1.0,62,477940,1.835,14.58953,20.57476,0.6262,0.00972,-0.00147,0.05994,288.685,1.0
LightCapacityResidual,STFT_Wavelet,100,100.0,stft_wt,0.5,0.2,0.0,1.0,117,477940,1.835,13.12177,19.107,0.58995,0.01377,0.01204,0.06362,141.035,1.0
LightCapacityResidual,STFT_Phase_Arrival,100,100.0,stft_phase_arrival,0.5,0.0,0.9,3.0,52,477940,1.835,14.64672,20.63195,0.62486,0.00956,-0.00285,0.05896,429.605,1.0
LightCapacityResidual,STFT,100,100.0,stft,0.5,0.0,0.0,1.0,120,477940,1.835,13.02266,19.00789,0.58113,0.01413,0.01328,0.06487,140.315,1.0
LightCapacityResidual,NCC_Arrival,100,100.0,ncc_arrival,0.0,0.0,0.0,3.0,55,477940,1.835,14.964,20.94923,0.62901,0.00887,0.16715,0.0542,271.86,1.0
