MSE,MSE_std,SNR,SNR_std,SNR_median,SNR_P25,SNR_P75,Correlation,Correlation_std,MAE,MAE_std,PSNR,PSNR_std,SSIM,SSIM_std,SSIM_median,SSIM_P25,SSIM_P75,GradL1,GradL1_std,CR_Error,Model_Size_MB,Parameter_Count,Model,CR,Actual_CR
8.04261289886199e-05,0.0002700404729694128,39.65587760717179,5.3939744968379735,40.94518197552237,36.363456652083215,43.59126420211113,0.9951140712857267,0.012966169611877718,0.004213671199977398,0.0038701409939676523,45.76351798260876,5.205403835298384,0.9888042928836721,0.02246169265671461,0.9965508614119436,0.9897571657615971,0.9982504923559894,0.0051202697993721815,0.006932414148401362,0.0,18.065265655517578,4733755,LARA,2,2.0
0.0002038199017988518,0.0005112311919219792,36.44289402673914,6.756792345745538,37.129042399479545,31.570106341174792,42.21051487216619,0.9871116204445136,0.027745801659770333,0.006621368695050478,0.006329729687422514,42.55053432104529,6.667799030234006,0.9739870207238601,0.040010075793892284,0.987838296227187,0.9689108899917946,0.9974014954653929,0.008041875118506141,0.009875924030577484,0.0,12.327007293701172,3229505,LARA,3,3.0
0.0006144294748082757,0.0011403688695281744,31.167457193341832,7.039569533060882,31.843379451455373,25.98161892766818,36.15735388704701,0.9588928712730465,0.06937278340565935,0.011927910149097443,0.010280565358698368,37.27509737319801,6.962139996451375,0.9357776195636316,0.07330353691406655,0.9630589385727643,0.9056132516114308,0.9882296944657962,0.012185403303592466,0.012707921663208674,0.0,7.736400604248047,2026105,LARA,5,5.0
0.0018712818855419755,0.0019711400382220745,23.26201027372289,4.636219363029812,23.119468475994342,19.87291897494029,26.327526914458176,0.8672144724216614,0.13489949192583664,0.023873448371887207,0.013001973740756512,29.369650393112096,4.499072636750968,0.8213986831631358,0.1048507539625719,0.8349886095011279,0.7578092626345815,0.9060141388141429,0.018096067428123207,0.013407327929541924,0.0,7.824024200439453,2049011,LARA,10,10.0
0.002921381266787648,0.002361651510000229,20.60063393356641,3.7980259346455414,20.302990899215327,17.778042251070406,23.179161027850835,0.7896690433290101,0.15835973646186854,0.031066900119185448,0.013727636076509953,26.70827404929407,3.626039429662637,0.7604575291475285,0.10734082144060168,0.7673493028864082,0.6909614395179335,0.8438037590923504,0.020116316778585316,0.01329230310526884,0.0,5.528911590576172,1447361,LARA,15,15.0
0.0037220597732812166,0.0026239482685923576,19.284890227498956,3.39534630909815,19.02809966051197,16.872050869708865,21.722518484088887,0.7271653272282648,0.17045299783451862,0.035095587372779846,0.01421203464269638,25.39253034229219,3.2524123010956183,0.7263257384141203,0.1067031850842001,0.7267175384025846,0.6605453034361302,0.8057218312530203,0.021060153647558765,0.013110740439866295,0.0,4.381355285644531,1146536,LARA,20,20.0
0.004721602890640497,0.003044177545234561,18.110332311763976,3.2151186906137332,17.560994949481085,15.947795454351096,20.127264658086087,0.6419794303279847,0.18685767339630863,0.03922310844063759,0.015273692086338997,24.217972426019724,3.0374710265675704,0.6929375136356747,0.1043426856978847,0.6890973592293488,0.6329715186364768,0.7756481482488399,0.0219996542413719,0.012957885834069505,0.0,3.2337989807128906,845711,LARA,30,30.0
0.005798752885311842,0.0030029627960175276,16.87185618383748,2.585251814907658,16.57288409248939,15.134497349286562,18.475731239499595,0.5049791407716461,0.20050434676604786,0.04170718789100647,0.01494696456938982,22.979496297623633,2.399209750712265,0.6763167049263433,0.10332333754664473,0.6723205637830654,0.616451769746153,0.7567402126890549,0.022565846771467477,0.01279473664221502,0.0,2.956768035888672,771547,LARA,50,50.0
0.006163293030112982,0.003133354475721717,16.593945816415154,2.561877421968608,16.29720780057025,14.83199104706037,18.14220818439312,0.46524157723749304,0.19522350212556744,0.04296354204416275,0.01529118325561285,22.701585930137785,2.3809828369936765,0.6656897141146072,0.10271570819072691,0.6644359364031047,0.6064944839011343,0.7371197722574165,0.022805226708296687,0.012721159807640166,0.0,2.8420028686523438,741462,LARA,60,60.0
0.006743983831256628,0.003357975510880351,16.155464952662893,2.4893143785529332,15.84847528179867,14.525258122250808,17.534171292840853,0.38042650142639006,0.20246984729112225,0.0439513623714447,0.015801312401890755,22.2631050662809,2.2658044233999663,0.6638238685376444,0.10409796007166457,0.6612614137828721,0.596990828635672,0.7356806072788912,0.022825075765140354,0.012706128051893103,0.0,2.6124725341796875,681292,LARA,100,100.0
0.00010121450031874701,0.0003042233583983034,38.147897795540764,5.292920520327625,39.202627468418186,35.05000499617459,42.14093634275281,0.9938518346032825,0.014523304649620022,0.004854224622249603,0.004307224415242672,44.25553809655265,5.106043466460046,0.9842979392412348,0.027894830792269364,0.9937488724149693,0.9837623336258903,0.9971615044048512,0.00643177040561568,0.007176762527480799,0.0,68.74969100952148,18022319,GeneralizedAutoencoder,2,2.0
0.00027672582655213773,0.0005866498686373234,33.92434149176818,5.887048041937014,35.28134073714399,29.89068930259365,38.76479830605385,0.9818496003323665,0.035224854689663854,0.008121025748550892,0.0066303969360888,40.031981686547326,5.750210994025077,0.9647493859261286,0.04571717970006165,0.9815332908806711,0.9602640495851257,0.9930074214935303,0.0100967373768799,0.010274527197986633,0.0,45.86055374145508,12022069,GeneralizedAutoencoder,3,3.0
0.0007031496497802436,0.0012303702533245087,29.470170696709143,5.9151391555882125,30.39020078546912,25.22447441439897,33.77411858801388,0.95215005741208,0.0768107529851954,0.013182057999074459,0.010249048471450806,35.577810841585176,5.826603068192325,0.927409236266066,0.07497022123190157,0.9542174010800629,0.9022085399438915,0.9807013754584544,0.013589053333271294,0.01282585027481316,0.0,27.549243927001953,7221869,GeneralizedAutoencoder,5,5.0
0.0020572494249790907,0.0021120375022292137,22.74330947701433,4.510315981031874,22.439303311646775,19.69847335089323,25.5359315414858,0.8496628372002312,0.14909164513575923,0.024978751316666603,0.01309956144541502,28.850949595366107,4.356122952665156,0.8062043831681386,0.10498852280463215,0.814524318178766,0.7524272995454168,0.8886366949476385,0.019507581717334688,0.013314469622751854,0.0,13.81576156616211,3621719,GeneralizedAutoencoder,10,10.0
0.0031588738784193993,0.0024461138527840376,20.195616943480864,3.7431206157966472,19.974756142205578,17.367748337505386,22.21336748898988,0.7612611838947302,0.17580353663804704,0.031216135248541832,0.01394710037857294,26.303257058941732,3.5712932099319517,0.7507689843325251,0.10847451986710589,0.7510662668565702,0.6846603034470926,0.8343840254653296,0.021214470437262208,0.013123590665665045,0.0,9.237934112548828,2421669,GeneralizedAutoencoder,15,15.0
0.003962409682571888,0.002643917454406619,18.937369585106758,3.3200375454233932,18.56201788012936,16.673479189326976,20.841698184751145,0.6900368276625959,0.19704876971808072,0.035307254642248154,0.014334139414131641,25.045009699730386,3.164088994991663,0.7163264381078435,0.10589198849547216,0.7204583311828548,0.6441561912220637,0.8042250072838537,0.022036581689026207,0.012975058278024715,0.0,6.9490203857421875,1821644,GeneralizedAutoencoder,20,20.0
0.005052404943853617,0.00287222838960588,17.60637547691302,2.8440797167248277,17.225021731638222,15.643584721237527,19.41033988949467,0.5724495425184939,0.2165841131961523,0.038897257298231125,0.014538641087710857,23.714015590947525,2.6907726510036394,0.6878976977716127,0.10548603519209156,0.6883848021806402,0.6218283766807382,0.7708816163874901,0.02283740693004802,0.012837248812128622,0.0,4.660106658935547,1221619,GeneralizedAutoencoder,30,30.0
0.006111161783337593,0.0030933190137147903,16.60699595026369,2.5192441670628645,16.255540120547103,14.977690803664043,18.382604788172888,0.4561944266949925,0.2078232432617248,0.042721785604953766,0.014992798678576946,22.714636063979505,2.3152053293863393,0.6638538719654216,0.10466862009720249,0.6663144448393723,0.5964465325866514,0.7436394380343929,0.023552470812574028,0.012629973723862233,0.0,2.8289756774902344,741599,GeneralizedAutoencoder,50,50.0
0.006425430998206139,0.0031878871377557516,16.37503754049764,2.5066394253771977,15.987434234012767,14.8219889843105,17.987597165568186,0.41516415482456026,0.20759701909394568,0.0434982106089592,0.015306878834962845,22.48267765416359,2.2957122976933584,0.659230897645096,0.10559112451483203,0.6587400332277251,0.5944923921076555,0.7369118573557278,0.023476940670516342,0.012655607743291514,0.0,2.3711929321289062,621594,GeneralizedAutoencoder,60,60.0
0.00712941400706768,0.003356899367645383,15.867215026431985,2.4030239257305857,15.408861797708099,14.267623516915503,17.413765394579283,0.31483981153110313,0.18712572167410646,0.045562781393527985,0.015653137117624283,21.97485513998975,2.180473279587118,0.6481291211148001,0.10422833923670745,0.6463322606491023,0.581183556560499,0.7226422009182043,0.023687156711239367,0.0125902830063828,0.0,1.45562744140625,381584,GeneralizedAutoencoder,100,100.0
0.00013283693988341838,0.000284651352558285,34.99400333858175,3.908362957329661,35.6530493900879,33.08693243587158,37.825071210356796,0.9916927702724853,0.014205882992356048,0.007434368599206209,0.004185230936855078,41.10164352388227,3.6594156116931584,0.9679940418231674,0.029451455698276358,0.9776428612958954,0.96544672232595,0.9833540783190184,0.008412326651159674,0.006953886161999153,0.0,72.96564483642578,19127506,AE_PureConcat,2,2.0
0.0003068489895667881,0.0006202226504683495,32.42417310337251,4.928311016674922,33.622126546506564,29.2786209349628,36.08965637634667,0.9796908771650014,0.03802179028899318,0.010083640925586224,0.0066370973363518715,38.53181326411244,4.78842503498329,0.9498119055930462,0.048875925007229586,0.9679321578667666,0.9421054788714291,0.978590101322815,0.011231583148473874,0.010267181411846743,0.0,48.64599609375,12752256,AE_PureConcat,3,3.0
0.0022184557747095823,0.00218392675742507,22.653235682808983,5.071621375096434,22.12168008292295,18.775235213578345,25.88831482817458,0.8277472634961833,0.1708901778472536,0.024735333397984505,0.013517416082322598,28.760875802659157,4.923857989300361,0.809407982277255,0.10716080958688148,0.8204404840093428,0.7546292567976135,0.8894436105270684,0.019410025522811337,0.013668973316417102,0.0,29.190277099609375,7652056,AE_PureConcat,5,5.0
0.0022238329984247684,0.0021915617398917675,22.660547104255993,5.099983647617452,22.16487265765433,18.70359055381678,25.8512176798413,0.8272319014575333,0.17132974221383254,0.024521147832274437,0.01349436491727829,28.76818722429609,4.959045022005665,0.8116160822712695,0.10673709638008223,0.8195170674255956,0.7563061380561769,0.8926159066743893,0.018854646562831475,0.013631972167174804,0.0,14.597999572753906,3826778,AE_PureConcat,10,10.0
0.0033103013411164284,0.0025127220433205366,20.059851579808445,3.9196262019968873,19.487060956147324,17.33965846809368,22.402118110577028,0.7354861642613304,0.20048229957625233,0.030861973762512207,0.013822654262185097,26.16749169539508,3.771452590334857,0.7532799034971831,0.10689299108975638,0.7642559902970816,0.6854553118208223,0.8355648890367542,0.02081549131660722,0.013278277853382594,0.0,9.73406982421875,2551728,AE_PureConcat,15,15.0
0.005720493849366903,0.0030270060524344444,16.954536839283413,2.65877210228933,16.638321194235296,15.306370971004714,18.69456108956365,0.5012443828813511,0.2112737900860431,0.04131174087524414,0.014790274202823639,23.062176953100415,2.454501833537228,0.6685990813378254,0.10393357595574229,0.6706584226986807,0.6077676546042866,0.745408937814273,0.023659272375516592,0.012826392726099194,0.0,7.302104949951172,1914203,AE_PureConcat,20,20.0
0.005077369045466185,0.0028565062675625086,17.574115525815635,2.8400630925623362,17.14747046137824,15.636145889988624,19.20418021912782,0.5700002350548494,0.21383692306986535,0.03872659057378769,0.014407576993107796,23.681755639839174,2.677158190777614,0.6899788194462017,0.10343953410678162,0.6982968657721601,0.6244138309833105,0.7684653231214615,0.022523059060331432,0.012880590197638929,0.0,2.5810775756835938,676614,AE_PureConcat,30,30.0
0.006203435827046633,0.003168693510815501,16.555173235976003,2.5603626248194975,16.26158845681627,14.917404431659977,18.309551039817457,0.4470714707585566,0.20756854014215623,0.043238237500190735,0.015080804005265236,22.662813349686786,2.351027720238286,0.6604318160095012,0.10128461756676184,0.6599066114808914,0.5993205274364052,0.7293171208585874,0.023473447228316218,0.012607224059041144,0.0,2.9245681762695312,766658,AE_PureConcat,50,50.0
0.006622461136430502,0.0032046474516391754,16.2098869480586,2.433768937781881,15.787177864289456,14.640456125651577,17.872915634930635,0.39622905451402834,0.19134160888248308,0.04499001428484917,0.015108964405953884,22.31752706168272,2.2185785409498266,0.6450550385767722,0.09904291209767925,0.6445705465655169,0.5834413545603778,0.7193480828696687,0.024784848990384488,0.012329068534318402,0.0,2.4381752014160156,639153,AE_PureConcat,60,60.0
0.007341910153627396,0.0033574053086340427,15.708165935619249,2.2995446458417,15.314274154096873,14.184319813520876,17.089496192780402,0.2974948089368775,0.15768305502981422,0.047366369515657425,0.015581958927214146,21.815806049140082,2.0999221944615147,0.6359613729186397,0.09835686303544078,0.6326125032764185,0.5720417630285521,0.705397509813596,0.024338760254904626,0.012356040827196997,0.0,1.4653892517089844,384143,AE_PureConcat,100,100.0
4.567347787087783e-06,2.007773582590744e-05,60.01908243246495,14.092776154449586,57.10368903097004,50.67497643574532,67.24994067628688,0.9997698261588411,0.0008881665901872396,0.0008281400660052896,0.001275771064683795,66.14680347016831,14.183544537493782,0.9982828248638305,0.005693584122441375,0.9997673998555665,0.9989158525424628,0.9999682874963625,0.0011515497439523869,0.0018020232537278244,0.0,0.0,0,Wavelet_DB4,2,2.0
3.542907506925985e-05,8.325657108798623e-05,45.67093800069978,9.141524895162156,44.98311577121937,39.2876576031881,51.31660031535748,0.9980420201622203,0.003796923280025726,0.002804189221933484,0.002966349944472313,51.77858629793792,9.174920828046437,0.9921077564011617,0.016065353987070857,0.9972192497058725,0.9925089048014747,0.9992125914937042,0.003886116458052129,0.004163189206022535,0.0,0.0,0,Wavelet_DB4,3,3.0
0.00017172312072943896,0.00027790284366346896,35.972224657004,7.073951643393037,35.539079719816144,30.768009703839425,39.73172515899551,0.9898987394653357,0.013569345324639215,0.006886376067996025,0.005285936873406172,42.07986518457521,7.07494998141135,0.9690734085546407,0.03575774511707871,0.9780946500210398,0.9600376899452653,0.9912758221627878,0.008347655261604813,0.007099745257556763,0.0,0.0,0,Wavelet_DB4,5,5.0
0.0007424418581649661,0.0007594994967803359,27.4075557191916,4.891339647336026,26.83733279083881,23.724873034747564,30.6888937940453,0.9554149872811025,0.03787157131210604,0.015417298302054405,0.008231967687606812,33.51519585269421,4.872325093821916,0.8924694730266952,0.06647362535142463,0.8998727291445915,0.8601647951006528,0.9430758508297563,0.014096236873301677,0.009800781122839696,0.0,0.0,0,Wavelet_DB4,10,10.0
0.0014302824856713414,0.0011794153833761811,23.960316990818754,4.172256113016048,22.987877150720042,20.914113403670314,27.02649730330366,0.9127765225902681,0.05678103729687624,0.02169226109981537,0.00998710561543703,30.067957110921842,4.129522585197963,0.829347955574293,0.0821505508809796,0.837434936222367,0.7825848513020195,0.8920581429795308,0.01681028406252153,0.01086484878548306,0.0,0.0,0,Wavelet_DB4,15,15.0
0.0021437034010887146,0.0015630610287189484,21.91818415114928,3.796249207163593,21.02815446905859,19.356869570171085,25.053640612662115,0.8661351776894051,0.07232266834012452,0.02657143585383892,0.01125939842313528,28.025824268119393,3.7397223548210627,0.7816130390288081,0.08953327753380877,0.7834723633495839,0.7247621269286966,0.8528619917034648,0.01854576440528035,0.01145346400369552,0.0,0.0,0,Wavelet_DB4,20,20.0
0.0036063194274902344,0.002289439085870981,19.361592508795724,3.3618294789631955,18.697640556283574,16.89083883328528,21.880465037793652,0.7611555115527299,0.09839715245868673,0.03421933948993683,0.013235208578407764,25.4692326237006,3.2811956483815043,0.7161382815911176,0.09861246770961414,0.7113813148847148,0.6544943677326615,0.795890048411494,0.020712223870214076,0.012088935159647646,0.0,0.0,0,Wavelet_DB4,30,30.0
0.0082124974578619,0.0036500815767794847,15.208048960464307,2.2306303221677712,14.787530882385079,13.710852183811786,16.55070039137157,0.06928363365625963,0.10196373615116722,0.047695886343717575,0.01601445861160755,21.315689073905123,2.087921944365508,0.6363152830312849,0.10496127552403924,0.6261187602923923,0.5720294135378502,0.7124848224433361,0.023506198390387,0.012615500817321221,0.0,0.0,0,Wavelet_DB4,50,50.0
0.050774164497852325,0.01609458215534687,7.112409597950104,1.1377420085894605,6.889024563333409,6.385708007492709,7.523538575872802,0.05018261707785401,0.07560017913200058,0.1296108067035675,0.027767427265644073,13.220049710823492,1.6931984372118238,0.543060420495724,0.09341381661251032,0.5499526516717537,0.4779101191120189,0.5982427839449996,0.02437978208763525,0.012478908301613863,0.0,0.0,0,Wavelet_DB4,60,60.0
0.12807701528072357,0.0404178760945797,3.045532502323441,0.7545297024014498,3.0457418856243286,2.3036924951067808,3.7058025506904095,0.048241191930801036,0.07333385438412424,0.2838602662086487,0.0541059672832489,9.1531726151344,1.4460178179032404,0.2652041334521224,0.0910843285714814,0.2580704368758484,0.18880078061404734,0.32714436662912466,0.026745616169646384,0.012151439099470755,0.0,0.0,0,Wavelet_DB4,100,100.0
4.691004505730234e-06,1.9599159713834524e-05,61.35000908235315,14.220352528990535,60.481050826684765,50.20273503521137,70.37493791340532,0.9997639282410887,0.0008659524125553678,0.0008029763121157885,0.0013126581907272339,67.47034170963576,14.29507385521215,0.9983456693924814,0.005318959072884946,0.9998701756179253,0.9989892185891329,0.9999852577047336,0.0011263637599333266,0.001884222248795974,0.0,0.0,0,Wavelet_SYM8,2,2.0
3.4597389458213e-05,8.236250141635537e-05,47.72533939938898,11.120079553850443,46.643429818516935,39.403321185585966,55.07210902501666,0.9980580884740499,0.003827718272314271,0.0026236630510538816,0.0030468585900962353,53.83302584297608,11.135950533553496,0.9924592095756607,0.015796375515507534,0.9976017411693512,0.9915531637418861,0.9996092130481159,0.0035542710888694273,0.004302379366802937,0.0,0.0,0,Wavelet_SYM8,3,3.0
0.0001684581657173112,0.0002731874992605299,36.4292890159712,7.578231574382032,35.73318223654318,31.202833062071157,40.22057249787987,0.9900164009086808,0.013718490704230195,0.006708430126309395,0.005295536946505308,42.536929710371915,7.585161074270893,0.9693677477647341,0.03636114962517392,0.9797523245714117,0.9591741637492595,0.9925858356268051,0.007691280463841394,0.0071888334481643055,0.0,0.0,0,Wavelet_SYM8,5,5.0
0.0007595449569635093,0.0007682762225158513,27.314061309256516,4.930347441269746,26.53490471500202,23.588185649758962,30.441843205179982,0.9540510331267753,0.03941548053812598,0.015580090694129467,0.008289480581879616,33.4217014423431,4.903191699359961,0.8905228111939735,0.06826776992640539,0.901462130864753,0.8555739966753049,0.9391676082809846,0.013378779809572734,0.009834956920907032,0.0,0.0,0,Wavelet_SYM8,10,10.0
0.0015217342879623175,0.0012299853842705488,23.651006127427227,4.137074241945262,22.66773457024204,20.720477198356047,26.603766219242395,0.9064700516704495,0.060652989050007086,0.022352760657668114,0.010140975005924702,29.758646247011757,4.090168192376207,0.821499670975451,0.08457214572092951,0.8274438727094289,0.7744198188098292,0.8837788664402971,0.01641376087558456,0.010994885756782933,0.0,0.0,0,Wavelet_SYM8,15,15.0
0.002353981602936983,0.0016754925018176436,21.469353108414712,3.7510189848685593,20.562299623874292,18.86549791715644,24.408241844433785,0.8513233931735177,0.0793926605688924,0.027779720723628998,0.011644354090094566,27.576993224946,3.6888102234823843,0.769408887881963,0.09266203308989492,0.7636891595430939,0.7143551052228881,0.838939994060906,0.01844947008183226,0.011670355609001332,0.0,0.0,0,Wavelet_SYM8,20,20.0
0.004295208491384983,0.0025792254600673914,18.50335741530869,3.2116437116621808,17.801249342971758,16.26585738544682,20.56461852688056,0.7042535647718711,0.11171905666333988,0.037015751004219055,0.01391149964183569,24.610997529779862,3.1183145043873557,0.6960987637572082,0.10307061736498233,0.6952915159529034,0.6333534870984826,0.7741617750298502,0.021108136859256773,0.012374029400149238,0.0,0.0,0,Wavelet_SYM8,30,30.0
0.04713892936706543,0.03903551399707794,9.426551800129534,5.053893887670535,7.307780265700396,4.598416587209432,13.944354657785773,0.06544179180998322,0.08776550240706524,0.1257477104663849,0.07671357691287994,15.534191913200884,5.009338961845651,0.529283749012459,0.14520390852935283,0.5335449345529462,0.407684426245457,0.6312019307512005,0.024577080917079,0.012551266077549857,0.0,0.0,0,Wavelet_SYM8,50,50.0
0.08732243627309799,0.04091351479291916,4.996480182085118,1.957785978430563,5.189122326212434,3.1730009076388854,6.370773351927404,0.04858004063635185,0.07735997596856939,0.202835813164711,0.07343687862157822,11.104120294923886,2.2422241648547794,0.4076243966359913,0.15293003982542738,0.4200081642581013,0.2584729999421632,0.5256515925046703,0.025586918923072518,0.01240472788687642,0.0,0.0,0,Wavelet_SYM8,60,60.0
0.15922021865844727,0.05277860164642334,2.133736264458422,0.9937322557530522,1.8599911026322973,1.5105737929872074,2.8020547756473286,0.0470697042036704,0.07336842655733343,0.3348417580127716,0.0711517184972763,8.241376377262515,1.5599576220351459,0.17381087918045923,0.10252811803892414,0.1481033479374946,0.10141204290117117,0.21615231509498659,0.025952779641374945,0.012225574253549918,0.0,0.0,0,Wavelet_SYM8,100,100.0
5.218711976340273e-06,2.1012094293837436e-05,59.79439499302122,13.654830284698859,57.613589645253406,49.26429126231783,67.60711260156903,0.9997374567865869,0.0009261281767356899,0.000872352859005332,0.0013695009984076023,65.91272447925012,13.723201998871462,0.9981964795711329,0.005636652891701665,0.999788706441481,0.9988874953634129,0.9999718390395205,0.0012215114258526682,0.0019424140177392967,0.0,0.0,0,Wavelet_COIF3,2,2.0
3.857710544252768e-05,9.035406401380897e-05,46.437833141095496,10.271750690755603,45.61641528234564,38.79613794874135,53.284361958670175,0.9978441960281565,0.004147980280565899,0.0028057999443262815,0.0031297404784709215,52.545493129710394,10.286201945078767,0.991668307089672,0.01672285743678988,0.9973370565108985,0.9907500858467267,0.9995099539897209,0.0038499266527287548,0.004468126018321667,0.0,0.0,0,Wavelet_COIF3,3,3.0
0.0001846944505814463,0.0002927478344645351,35.735451917888724,7.237005493625933,35.325340617740096,30.641389672307735,39.72274487121185,0.9891073544907744,0.014497918084809113,0.00707915797829628,0.005442668683826923,41.84309244090125,7.239427815539285,0.9665731907105721,0.0381684859390785,0.9779346612801992,0.957029885942817,0.9903575719061147,0.008171367817121791,0.007367140994462567,0.0,0.0,0,Wavelet_COIF3,5,5.0
0.0008314853184856474,0.0008172859088517725,26.8062451380096,4.774476115279271,26.100978575535883,23.261411734445073,30.09227296685085,0.9499802757119613,0.040913879651513774,0.01629435084760189,0.008503989316523075,32.913885267948736,4.7504796473457445,0.8827026819215362,0.07023384465119567,0.8938466615215477,0.8502419543011679,0.9334441589288102,0.013933042927528732,0.009992540585956076,0.0,0.0,0,Wavelet_COIF3,10,10.0
0.0016660070978105068,0.001300016650930047,23.169683308710372,4.03529942890337,22.383349032134156,20.2834059530511,26.493120862461296,0.897524181402899,0.06243309744839747,0.023383431136608124,0.01034482941031456,29.277323427409346,3.9718765589947864,0.8097695708926627,0.08574383305312919,0.816447479847618,0.7624021736810926,0.8743241318972803,0.016993813668377697,0.01112379376109938,0.0,0.0,0,Wavelet_COIF3,15,15.0
0.0025985436514019966,0.0017914676573127508,20.96879721968,3.6570477855557737,20.105769981934344,18.46578142461297,23.660586504378593,0.8351318120505801,0.081669923874671,0.029185093939304352,0.011880683712661266,27.076437335734507,3.5859586291185654,0.7564233253703863,0.09471536737612196,0.7581757911946312,0.698771431659952,0.8270673525018709,0.018969028235878795,0.011777578129976362,0.0,0.0,0,Wavelet_COIF3,20,20.0
0.004777265712618828,0.0027513320092111826,17.970334923085076,3.0775596585600264,17.22016663532186,15.81444254828091,19.95694526395192,0.6616784784528902,0.11506145162052453,0.03879778832197189,0.014185724779963493,24.07797503732635,2.996027523476743,0.683732085800467,0.10250197685032317,0.6826850120544682,0.6209714749442784,0.7596334343831588,0.021591261439025403,0.012423327834796062,0.0,0.0,0,Wavelet_COIF3,30,30.0
0.06990296393632889,0.03569971024990082,6.096687817665485,2.3308005817621513,6.562346519215702,3.795815963925475,7.458669786777696,0.0488299772896869,0.07826499192010122,0.16913986206054688,0.06876030564308167,12.204327930530548,2.5916656054512774,0.4667123920852845,0.14375756000063816,0.4698560887076312,0.34194611384181756,0.5844438767912986,0.02518703508656472,0.012417631386548365,0.0,0.0,0,Wavelet_COIF3,50,50.0
0.10323013365268707,0.041362226009368896,4.195994372967113,1.8147804140008572,4.096573192634035,3.300448390364489,4.523406394521153,0.04771550951884182,0.07805060003005575,0.2341226190328598,0.06829413026571274,10.303634485796739,2.2076464650305234,0.3508698499410421,0.13205081292901327,0.361240220243057,0.25734396466271314,0.4266602880630602,0.02615115577355027,0.012205178854890801,0.0,0.0,0,Wavelet_COIF3,60,60.0
0.1554085612297058,0.054324451833963394,2.2527935305200426,0.99334597673343,2.0264543712613365,1.6895543941585016,2.9118570254836755,0.046372616049732224,0.07131066882055072,0.32813018560409546,0.07359262555837631,8.360433643325013,1.5819106318218157,0.17889067619925633,0.10598425137426809,0.15535505294938054,0.102393699500742,0.22456945495365604,0.026044695633463563,0.01230906969374234,0.0,0.0,0,Wavelet_COIF3,100,100.0
