Model,CR,Parameters,Subnormal_Count,Subnormal_Fraction,Subnormal_Percent
LARA,2,4735675,66528,0.014048,1.4
LARA,3,3231425,6476,0.002004,0.2
LARA,5,2028025,27788,0.013702,1.37
LARA,10,2050995,5404,0.002635,0.26
LARA,15,1449345,6224,0.004294,0.43
LARA,20,1148520,8201,0.00714,0.71
LARA,30,847695,14868,0.017539,1.75
LARA,50,775067,179065,0.231032,23.1
LARA,60,744982,320439,0.43013,43.01
LARA,100,684812,362429,0.529239,52.92
GeneralizedAutoencoder,2,18022319,0,0.0,0.0
GeneralizedAutoencoder,3,12022069,0,0.0,0.0
GeneralizedAutoencoder,5,7221869,0,0.0,0.0
GeneralizedAutoencoder,10,3621719,0,0.0,0.0
GeneralizedAutoencoder,15,2421669,0,0.0,0.0
GeneralizedAutoencoder,20,1821644,0,0.0,0.0
GeneralizedAutoencoder,30,1221619,0,0.0,0.0
GeneralizedAutoencoder,50,741599,0,0.0,0.0
GeneralizedAutoencoder,60,621594,0,0.0,0.0
GeneralizedAutoencoder,100,381584,0,0.0,0.0
AE_PureConcat,2,19127506,0,0.0,0.0
AE_PureConcat,3,12752256,0,0.0,0.0
AE_PureConcat,5,7652056,0,0.0,0.0
AE_PureConcat,10,3826778,0,0.0,0.0
AE_PureConcat,15,2551728,0,0.0,0.0
AE_PureConcat,20,1914203,0,0.0,0.0
AE_PureConcat,30,676614,0,0.0,0.0
AE_PureConcat,50,766658,0,0.0,0.0
AE_PureConcat,60,639153,0,0.0,0.0
AE_PureConcat,100,384143,0,0.0,0.0
